iv_id,atk_iv,def_iv,sta_iv,iv_str
1,0,0,0,"00-00-00"
2,0,0,1,"00-00-01"
3,0,0,2,"00-00-02"
4,0,0,3,"00-00-03"
5,0,0,4,"00-00-04"
6,0,0,5,"00-00-05"
7,0,0,6,"00-00-06"
8,0,0,7,"00-00-07"
9,0,0,8,"00-00-08"
10,0,0,9,"00-00-09"
11,0,0,10,"00-00-10"
12,0,0,11,"00-00-11"
13,0,0,12,"00-00-12"
14,0,0,13,"00-00-13"
15,0,0,14,"00-00-14"
16,0,0,15,"00-00-15"
17,0,1,0,"00-01-00"
18,0,1,1,"00-01-01"
19,0,1,2,"00-01-02"
20,0,1,3,"00-01-03"
21,0,1,4,"00-01-04"
22,0,1,5,"00-01-05"
23,0,1,6,"00-01-06"
24,0,1,7,"00-01-07"
25,0,1,8,"00-01-08"
26,0,1,9,"00-01-09"
27,0,1,10,"00-01-10"
28,0,1,11,"00-01-11"
29,0,1,12,"00-01-12"
30,0,1,13,"00-01-13"
31,0,1,14,"00-01-14"
32,0,1,15,"00-01-15"
33,0,2,0,"00-02-00"
34,0,2,1,"00-02-01"
35,0,2,2,"00-02-02"
36,0,2,3,"00-02-03"
37,0,2,4,"00-02-04"
38,0,2,5,"00-02-05"
39,0,2,6,"00-02-06"
40,0,2,7,"00-02-07"
41,0,2,8,"00-02-08"
42,0,2,9,"00-02-09"
43,0,2,10,"00-02-10"
44,0,2,11,"00-02-11"
45,0,2,12,"00-02-12"
46,0,2,13,"00-02-13"
47,0,2,14,"00-02-14"
48,0,2,15,"00-02-15"
49,0,3,0,"00-03-00"
50,0,3,1,"00-03-01"
51,0,3,2,"00-03-02"
52,0,3,3,"00-03-03"
53,0,3,4,"00-03-04"
54,0,3,5,"00-03-05"
55,0,3,6,"00-03-06"
56,0,3,7,"00-03-07"
57,0,3,8,"00-03-08"
58,0,3,9,"00-03-09"
59,0,3,10,"00-03-10"
60,0,3,11,"00-03-11"
61,0,3,12,"00-03-12"
62,0,3,13,"00-03-13"
63,0,3,14,"00-03-14"
64,0,3,15,"00-03-15"
65,0,4,0,"00-04-00"
66,0,4,1,"00-04-01"
67,0,4,2,"00-04-02"
68,0,4,3,"00-04-03"
69,0,4,4,"00-04-04"
70,0,4,5,"00-04-05"
71,0,4,6,"00-04-06"
72,0,4,7,"00-04-07"
73,0,4,8,"00-04-08"
74,0,4,9,"00-04-09"
75,0,4,10,"00-04-10"
76,0,4,11,"00-04-11"
77,0,4,12,"00-04-12"
78,0,4,13,"00-04-13"
79,0,4,14,"00-04-14"
80,0,4,15,"00-04-15"
81,0,5,0,"00-05-00"
82,0,5,1,"00-05-01"
83,0,5,2,"00-05-02"
84,0,5,3,"00-05-03"
85,0,5,4,"00-05-04"
86,0,5,5,"00-05-05"
87,0,5,6,"00-05-06"
88,0,5,7,"00-05-07"
89,0,5,8,"00-05-08"
90,0,5,9,"00-05-09"
91,0,5,10,"00-05-10"
92,0,5,11,"00-05-11"
93,0,5,12,"00-05-12"
94,0,5,13,"00-05-13"
95,0,5,14,"00-05-14"
96,0,5,15,"00-05-15"
97,0,6,0,"00-06-00"
98,0,6,1,"00-06-01"
99,0,6,2,"00-06-02"
100,0,6,3,"00-06-03"
101,0,6,4,"00-06-04"
102,0,6,5,"00-06-05"
103,0,6,6,"00-06-06"
104,0,6,7,"00-06-07"
105,0,6,8,"00-06-08"
106,0,6,9,"00-06-09"
107,0,6,10,"00-06-10"
108,0,6,11,"00-06-11"
109,0,6,12,"00-06-12"
110,0,6,13,"00-06-13"
111,0,6,14,"00-06-14"
112,0,6,15,"00-06-15"
113,0,7,0,"00-07-00"
114,0,7,1,"00-07-01"
115,0,7,2,"00-07-02"
116,0,7,3,"00-07-03"
117,0,7,4,"00-07-04"
118,0,7,5,"00-07-05"
119,0,7,6,"00-07-06"
120,0,7,7,"00-07-07"
121,0,7,8,"00-07-08"
122,0,7,9,"00-07-09"
123,0,7,10,"00-07-10"
124,0,7,11,"00-07-11"
125,0,7,12,"00-07-12"
126,0,7,13,"00-07-13"
127,0,7,14,"00-07-14"
128,0,7,15,"00-07-15"
129,0,8,0,"00-08-00"
130,0,8,1,"00-08-01"
131,0,8,2,"00-08-02"
132,0,8,3,"00-08-03"
133,0,8,4,"00-08-04"
134,0,8,5,"00-08-05"
135,0,8,6,"00-08-06"
136,0,8,7,"00-08-07"
137,0,8,8,"00-08-08"
138,0,8,9,"00-08-09"
139,0,8,10,"00-08-10"
140,0,8,11,"00-08-11"
141,0,8,12,"00-08-12"
142,0,8,13,"00-08-13"
143,0,8,14,"00-08-14"
144,0,8,15,"00-08-15"
145,0,9,0,"00-09-00"
146,0,9,1,"00-09-01"
147,0,9,2,"00-09-02"
148,0,9,3,"00-09-03"
149,0,9,4,"00-09-04"
150,0,9,5,"00-09-05"
151,0,9,6,"00-09-06"
152,0,9,7,"00-09-07"
153,0,9,8,"00-09-08"
154,0,9,9,"00-09-09"
155,0,9,10,"00-09-10"
156,0,9,11,"00-09-11"
157,0,9,12,"00-09-12"
158,0,9,13,"00-09-13"
159,0,9,14,"00-09-14"
160,0,9,15,"00-09-15"
161,0,10,0,"00-10-00"
162,0,10,1,"00-10-01"
163,0,10,2,"00-10-02"
164,0,10,3,"00-10-03"
165,0,10,4,"00-10-04"
166,0,10,5,"00-10-05"
167,0,10,6,"00-10-06"
168,0,10,7,"00-10-07"
169,0,10,8,"00-10-08"
170,0,10,9,"00-10-09"
171,0,10,10,"00-10-10"
172,0,10,11,"00-10-11"
173,0,10,12,"00-10-12"
174,0,10,13,"00-10-13"
175,0,10,14,"00-10-14"
176,0,10,15,"00-10-15"
177,0,11,0,"00-11-00"
178,0,11,1,"00-11-01"
179,0,11,2,"00-11-02"
180,0,11,3,"00-11-03"
181,0,11,4,"00-11-04"
182,0,11,5,"00-11-05"
183,0,11,6,"00-11-06"
184,0,11,7,"00-11-07"
185,0,11,8,"00-11-08"
186,0,11,9,"00-11-09"
187,0,11,10,"00-11-10"
188,0,11,11,"00-11-11"
189,0,11,12,"00-11-12"
190,0,11,13,"00-11-13"
191,0,11,14,"00-11-14"
192,0,11,15,"00-11-15"
193,0,12,0,"00-12-00"
194,0,12,1,"00-12-01"
195,0,12,2,"00-12-02"
196,0,12,3,"00-12-03"
197,0,12,4,"00-12-04"
198,0,12,5,"00-12-05"
199,0,12,6,"00-12-06"
200,0,12,7,"00-12-07"
201,0,12,8,"00-12-08"
202,0,12,9,"00-12-09"
203,0,12,10,"00-12-10"
204,0,12,11,"00-12-11"
205,0,12,12,"00-12-12"
206,0,12,13,"00-12-13"
207,0,12,14,"00-12-14"
208,0,12,15,"00-12-15"
209,0,13,0,"00-13-00"
210,0,13,1,"00-13-01"
211,0,13,2,"00-13-02"
212,0,13,3,"00-13-03"
213,0,13,4,"00-13-04"
214,0,13,5,"00-13-05"
215,0,13,6,"00-13-06"
216,0,13,7,"00-13-07"
217,0,13,8,"00-13-08"
218,0,13,9,"00-13-09"
219,0,13,10,"00-13-10"
220,0,13,11,"00-13-11"
221,0,13,12,"00-13-12"
222,0,13,13,"00-13-13"
223,0,13,14,"00-13-14"
224,0,13,15,"00-13-15"
225,0,14,0,"00-14-00"
226,0,14,1,"00-14-01"
227,0,14,2,"00-14-02"
228,0,14,3,"00-14-03"
229,0,14,4,"00-14-04"
230,0,14,5,"00-14-05"
231,0,14,6,"00-14-06"
232,0,14,7,"00-14-07"
233,0,14,8,"00-14-08"
234,0,14,9,"00-14-09"
235,0,14,10,"00-14-10"
236,0,14,11,"00-14-11"
237,0,14,12,"00-14-12"
238,0,14,13,"00-14-13"
239,0,14,14,"00-14-14"
240,0,14,15,"00-14-15"
241,0,15,0,"00-15-00"
242,0,15,1,"00-15-01"
243,0,15,2,"00-15-02"
244,0,15,3,"00-15-03"
245,0,15,4,"00-15-04"
246,0,15,5,"00-15-05"
247,0,15,6,"00-15-06"
248,0,15,7,"00-15-07"
249,0,15,8,"00-15-08"
250,0,15,9,"00-15-09"
251,0,15,10,"00-15-10"
252,0,15,11,"00-15-11"
253,0,15,12,"00-15-12"
254,0,15,13,"00-15-13"
255,0,15,14,"00-15-14"
256,0,15,15,"00-15-15"
257,1,0,0,"01-00-00"
258,1,0,1,"01-00-01"
259,1,0,2,"01-00-02"
260,1,0,3,"01-00-03"
261,1,0,4,"01-00-04"
262,1,0,5,"01-00-05"
263,1,0,6,"01-00-06"
264,1,0,7,"01-00-07"
265,1,0,8,"01-00-08"
266,1,0,9,"01-00-09"
267,1,0,10,"01-00-10"
268,1,0,11,"01-00-11"
269,1,0,12,"01-00-12"
270,1,0,13,"01-00-13"
271,1,0,14,"01-00-14"
272,1,0,15,"01-00-15"
273,1,1,0,"01-01-00"
274,1,1,1,"01-01-01"
275,1,1,2,"01-01-02"
276,1,1,3,"01-01-03"
277,1,1,4,"01-01-04"
278,1,1,5,"01-01-05"
279,1,1,6,"01-01-06"
280,1,1,7,"01-01-07"
281,1,1,8,"01-01-08"
282,1,1,9,"01-01-09"
283,1,1,10,"01-01-10"
284,1,1,11,"01-01-11"
285,1,1,12,"01-01-12"
286,1,1,13,"01-01-13"
287,1,1,14,"01-01-14"
288,1,1,15,"01-01-15"
289,1,2,0,"01-02-00"
290,1,2,1,"01-02-01"
291,1,2,2,"01-02-02"
292,1,2,3,"01-02-03"
293,1,2,4,"01-02-04"
294,1,2,5,"01-02-05"
295,1,2,6,"01-02-06"
296,1,2,7,"01-02-07"
297,1,2,8,"01-02-08"
298,1,2,9,"01-02-09"
299,1,2,10,"01-02-10"
300,1,2,11,"01-02-11"
301,1,2,12,"01-02-12"
302,1,2,13,"01-02-13"
303,1,2,14,"01-02-14"
304,1,2,15,"01-02-15"
305,1,3,0,"01-03-00"
306,1,3,1,"01-03-01"
307,1,3,2,"01-03-02"
308,1,3,3,"01-03-03"
309,1,3,4,"01-03-04"
310,1,3,5,"01-03-05"
311,1,3,6,"01-03-06"
312,1,3,7,"01-03-07"
313,1,3,8,"01-03-08"
314,1,3,9,"01-03-09"
315,1,3,10,"01-03-10"
316,1,3,11,"01-03-11"
317,1,3,12,"01-03-12"
318,1,3,13,"01-03-13"
319,1,3,14,"01-03-14"
320,1,3,15,"01-03-15"
321,1,4,0,"01-04-00"
322,1,4,1,"01-04-01"
323,1,4,2,"01-04-02"
324,1,4,3,"01-04-03"
325,1,4,4,"01-04-04"
326,1,4,5,"01-04-05"
327,1,4,6,"01-04-06"
328,1,4,7,"01-04-07"
329,1,4,8,"01-04-08"
330,1,4,9,"01-04-09"
331,1,4,10,"01-04-10"
332,1,4,11,"01-04-11"
333,1,4,12,"01-04-12"
334,1,4,13,"01-04-13"
335,1,4,14,"01-04-14"
336,1,4,15,"01-04-15"
337,1,5,0,"01-05-00"
338,1,5,1,"01-05-01"
339,1,5,2,"01-05-02"
340,1,5,3,"01-05-03"
341,1,5,4,"01-05-04"
342,1,5,5,"01-05-05"
343,1,5,6,"01-05-06"
344,1,5,7,"01-05-07"
345,1,5,8,"01-05-08"
346,1,5,9,"01-05-09"
347,1,5,10,"01-05-10"
348,1,5,11,"01-05-11"
349,1,5,12,"01-05-12"
350,1,5,13,"01-05-13"
351,1,5,14,"01-05-14"
352,1,5,15,"01-05-15"
353,1,6,0,"01-06-00"
354,1,6,1,"01-06-01"
355,1,6,2,"01-06-02"
356,1,6,3,"01-06-03"
357,1,6,4,"01-06-04"
358,1,6,5,"01-06-05"
359,1,6,6,"01-06-06"
360,1,6,7,"01-06-07"
361,1,6,8,"01-06-08"
362,1,6,9,"01-06-09"
363,1,6,10,"01-06-10"
364,1,6,11,"01-06-11"
365,1,6,12,"01-06-12"
366,1,6,13,"01-06-13"
367,1,6,14,"01-06-14"
368,1,6,15,"01-06-15"
369,1,7,0,"01-07-00"
370,1,7,1,"01-07-01"
371,1,7,2,"01-07-02"
372,1,7,3,"01-07-03"
373,1,7,4,"01-07-04"
374,1,7,5,"01-07-05"
375,1,7,6,"01-07-06"
376,1,7,7,"01-07-07"
377,1,7,8,"01-07-08"
378,1,7,9,"01-07-09"
379,1,7,10,"01-07-10"
380,1,7,11,"01-07-11"
381,1,7,12,"01-07-12"
382,1,7,13,"01-07-13"
383,1,7,14,"01-07-14"
384,1,7,15,"01-07-15"
385,1,8,0,"01-08-00"
386,1,8,1,"01-08-01"
387,1,8,2,"01-08-02"
388,1,8,3,"01-08-03"
389,1,8,4,"01-08-04"
390,1,8,5,"01-08-05"
391,1,8,6,"01-08-06"
392,1,8,7,"01-08-07"
393,1,8,8,"01-08-08"
394,1,8,9,"01-08-09"
395,1,8,10,"01-08-10"
396,1,8,11,"01-08-11"
397,1,8,12,"01-08-12"
398,1,8,13,"01-08-13"
399,1,8,14,"01-08-14"
400,1,8,15,"01-08-15"
401,1,9,0,"01-09-00"
402,1,9,1,"01-09-01"
403,1,9,2,"01-09-02"
404,1,9,3,"01-09-03"
405,1,9,4,"01-09-04"
406,1,9,5,"01-09-05"
407,1,9,6,"01-09-06"
408,1,9,7,"01-09-07"
409,1,9,8,"01-09-08"
410,1,9,9,"01-09-09"
411,1,9,10,"01-09-10"
412,1,9,11,"01-09-11"
413,1,9,12,"01-09-12"
414,1,9,13,"01-09-13"
415,1,9,14,"01-09-14"
416,1,9,15,"01-09-15"
417,1,10,0,"01-10-00"
418,1,10,1,"01-10-01"
419,1,10,2,"01-10-02"
420,1,10,3,"01-10-03"
421,1,10,4,"01-10-04"
422,1,10,5,"01-10-05"
423,1,10,6,"01-10-06"
424,1,10,7,"01-10-07"
425,1,10,8,"01-10-08"
426,1,10,9,"01-10-09"
427,1,10,10,"01-10-10"
428,1,10,11,"01-10-11"
429,1,10,12,"01-10-12"
430,1,10,13,"01-10-13"
431,1,10,14,"01-10-14"
432,1,10,15,"01-10-15"
433,1,11,0,"01-11-00"
434,1,11,1,"01-11-01"
435,1,11,2,"01-11-02"
436,1,11,3,"01-11-03"
437,1,11,4,"01-11-04"
438,1,11,5,"01-11-05"
439,1,11,6,"01-11-06"
440,1,11,7,"01-11-07"
441,1,11,8,"01-11-08"
442,1,11,9,"01-11-09"
443,1,11,10,"01-11-10"
444,1,11,11,"01-11-11"
445,1,11,12,"01-11-12"
446,1,11,13,"01-11-13"
447,1,11,14,"01-11-14"
448,1,11,15,"01-11-15"
449,1,12,0,"01-12-00"
450,1,12,1,"01-12-01"
451,1,12,2,"01-12-02"
452,1,12,3,"01-12-03"
453,1,12,4,"01-12-04"
454,1,12,5,"01-12-05"
455,1,12,6,"01-12-06"
456,1,12,7,"01-12-07"
457,1,12,8,"01-12-08"
458,1,12,9,"01-12-09"
459,1,12,10,"01-12-10"
460,1,12,11,"01-12-11"
461,1,12,12,"01-12-12"
462,1,12,13,"01-12-13"
463,1,12,14,"01-12-14"
464,1,12,15,"01-12-15"
465,1,13,0,"01-13-00"
466,1,13,1,"01-13-01"
467,1,13,2,"01-13-02"
468,1,13,3,"01-13-03"
469,1,13,4,"01-13-04"
470,1,13,5,"01-13-05"
471,1,13,6,"01-13-06"
472,1,13,7,"01-13-07"
473,1,13,8,"01-13-08"
474,1,13,9,"01-13-09"
475,1,13,10,"01-13-10"
476,1,13,11,"01-13-11"
477,1,13,12,"01-13-12"
478,1,13,13,"01-13-13"
479,1,13,14,"01-13-14"
480,1,13,15,"01-13-15"
481,1,14,0,"01-14-00"
482,1,14,1,"01-14-01"
483,1,14,2,"01-14-02"
484,1,14,3,"01-14-03"
485,1,14,4,"01-14-04"
486,1,14,5,"01-14-05"
487,1,14,6,"01-14-06"
488,1,14,7,"01-14-07"
489,1,14,8,"01-14-08"
490,1,14,9,"01-14-09"
491,1,14,10,"01-14-10"
492,1,14,11,"01-14-11"
493,1,14,12,"01-14-12"
494,1,14,13,"01-14-13"
495,1,14,14,"01-14-14"
496,1,14,15,"01-14-15"
497,1,15,0,"01-15-00"
498,1,15,1,"01-15-01"
499,1,15,2,"01-15-02"
500,1,15,3,"01-15-03"
501,1,15,4,"01-15-04"
502,1,15,5,"01-15-05"
503,1,15,6,"01-15-06"
504,1,15,7,"01-15-07"
505,1,15,8,"01-15-08"
506,1,15,9,"01-15-09"
507,1,15,10,"01-15-10"
508,1,15,11,"01-15-11"
509,1,15,12,"01-15-12"
510,1,15,13,"01-15-13"
511,1,15,14,"01-15-14"
512,1,15,15,"01-15-15"
513,2,0,0,"02-00-00"
514,2,0,1,"02-00-01"
515,2,0,2,"02-00-02"
516,2,0,3,"02-00-03"
517,2,0,4,"02-00-04"
518,2,0,5,"02-00-05"
519,2,0,6,"02-00-06"
520,2,0,7,"02-00-07"
521,2,0,8,"02-00-08"
522,2,0,9,"02-00-09"
523,2,0,10,"02-00-10"
524,2,0,11,"02-00-11"
525,2,0,12,"02-00-12"
526,2,0,13,"02-00-13"
527,2,0,14,"02-00-14"
528,2,0,15,"02-00-15"
529,2,1,0,"02-01-00"
530,2,1,1,"02-01-01"
531,2,1,2,"02-01-02"
532,2,1,3,"02-01-03"
533,2,1,4,"02-01-04"
534,2,1,5,"02-01-05"
535,2,1,6,"02-01-06"
536,2,1,7,"02-01-07"
537,2,1,8,"02-01-08"
538,2,1,9,"02-01-09"
539,2,1,10,"02-01-10"
540,2,1,11,"02-01-11"
541,2,1,12,"02-01-12"
542,2,1,13,"02-01-13"
543,2,1,14,"02-01-14"
544,2,1,15,"02-01-15"
545,2,2,0,"02-02-00"
546,2,2,1,"02-02-01"
547,2,2,2,"02-02-02"
548,2,2,3,"02-02-03"
549,2,2,4,"02-02-04"
550,2,2,5,"02-02-05"
551,2,2,6,"02-02-06"
552,2,2,7,"02-02-07"
553,2,2,8,"02-02-08"
554,2,2,9,"02-02-09"
555,2,2,10,"02-02-10"
556,2,2,11,"02-02-11"
557,2,2,12,"02-02-12"
558,2,2,13,"02-02-13"
559,2,2,14,"02-02-14"
560,2,2,15,"02-02-15"
561,2,3,0,"02-03-00"
562,2,3,1,"02-03-01"
563,2,3,2,"02-03-02"
564,2,3,3,"02-03-03"
565,2,3,4,"02-03-04"
566,2,3,5,"02-03-05"
567,2,3,6,"02-03-06"
568,2,3,7,"02-03-07"
569,2,3,8,"02-03-08"
570,2,3,9,"02-03-09"
571,2,3,10,"02-03-10"
572,2,3,11,"02-03-11"
573,2,3,12,"02-03-12"
574,2,3,13,"02-03-13"
575,2,3,14,"02-03-14"
576,2,3,15,"02-03-15"
577,2,4,0,"02-04-00"
578,2,4,1,"02-04-01"
579,2,4,2,"02-04-02"
580,2,4,3,"02-04-03"
581,2,4,4,"02-04-04"
582,2,4,5,"02-04-05"
583,2,4,6,"02-04-06"
584,2,4,7,"02-04-07"
585,2,4,8,"02-04-08"
586,2,4,9,"02-04-09"
587,2,4,10,"02-04-10"
588,2,4,11,"02-04-11"
589,2,4,12,"02-04-12"
590,2,4,13,"02-04-13"
591,2,4,14,"02-04-14"
592,2,4,15,"02-04-15"
593,2,5,0,"02-05-00"
594,2,5,1,"02-05-01"
595,2,5,2,"02-05-02"
596,2,5,3,"02-05-03"
597,2,5,4,"02-05-04"
598,2,5,5,"02-05-05"
599,2,5,6,"02-05-06"
600,2,5,7,"02-05-07"
601,2,5,8,"02-05-08"
602,2,5,9,"02-05-09"
603,2,5,10,"02-05-10"
604,2,5,11,"02-05-11"
605,2,5,12,"02-05-12"
606,2,5,13,"02-05-13"
607,2,5,14,"02-05-14"
608,2,5,15,"02-05-15"
609,2,6,0,"02-06-00"
610,2,6,1,"02-06-01"
611,2,6,2,"02-06-02"
612,2,6,3,"02-06-03"
613,2,6,4,"02-06-04"
614,2,6,5,"02-06-05"
615,2,6,6,"02-06-06"
616,2,6,7,"02-06-07"
617,2,6,8,"02-06-08"
618,2,6,9,"02-06-09"
619,2,6,10,"02-06-10"
620,2,6,11,"02-06-11"
621,2,6,12,"02-06-12"
622,2,6,13,"02-06-13"
623,2,6,14,"02-06-14"
624,2,6,15,"02-06-15"
625,2,7,0,"02-07-00"
626,2,7,1,"02-07-01"
627,2,7,2,"02-07-02"
628,2,7,3,"02-07-03"
629,2,7,4,"02-07-04"
630,2,7,5,"02-07-05"
631,2,7,6,"02-07-06"
632,2,7,7,"02-07-07"
633,2,7,8,"02-07-08"
634,2,7,9,"02-07-09"
635,2,7,10,"02-07-10"
636,2,7,11,"02-07-11"
637,2,7,12,"02-07-12"
638,2,7,13,"02-07-13"
639,2,7,14,"02-07-14"
640,2,7,15,"02-07-15"
641,2,8,0,"02-08-00"
642,2,8,1,"02-08-01"
643,2,8,2,"02-08-02"
644,2,8,3,"02-08-03"
645,2,8,4,"02-08-04"
646,2,8,5,"02-08-05"
647,2,8,6,"02-08-06"
648,2,8,7,"02-08-07"
649,2,8,8,"02-08-08"
650,2,8,9,"02-08-09"
651,2,8,10,"02-08-10"
652,2,8,11,"02-08-11"
653,2,8,12,"02-08-12"
654,2,8,13,"02-08-13"
655,2,8,14,"02-08-14"
656,2,8,15,"02-08-15"
657,2,9,0,"02-09-00"
658,2,9,1,"02-09-01"
659,2,9,2,"02-09-02"
660,2,9,3,"02-09-03"
661,2,9,4,"02-09-04"
662,2,9,5,"02-09-05"
663,2,9,6,"02-09-06"
664,2,9,7,"02-09-07"
665,2,9,8,"02-09-08"
666,2,9,9,"02-09-09"
667,2,9,10,"02-09-10"
668,2,9,11,"02-09-11"
669,2,9,12,"02-09-12"
670,2,9,13,"02-09-13"
671,2,9,14,"02-09-14"
672,2,9,15,"02-09-15"
673,2,10,0,"02-10-00"
674,2,10,1,"02-10-01"
675,2,10,2,"02-10-02"
676,2,10,3,"02-10-03"
677,2,10,4,"02-10-04"
678,2,10,5,"02-10-05"
679,2,10,6,"02-10-06"
680,2,10,7,"02-10-07"
681,2,10,8,"02-10-08"
682,2,10,9,"02-10-09"
683,2,10,10,"02-10-10"
684,2,10,11,"02-10-11"
685,2,10,12,"02-10-12"
686,2,10,13,"02-10-13"
687,2,10,14,"02-10-14"
688,2,10,15,"02-10-15"
689,2,11,0,"02-11-00"
690,2,11,1,"02-11-01"
691,2,11,2,"02-11-02"
692,2,11,3,"02-11-03"
693,2,11,4,"02-11-04"
694,2,11,5,"02-11-05"
695,2,11,6,"02-11-06"
696,2,11,7,"02-11-07"
697,2,11,8,"02-11-08"
698,2,11,9,"02-11-09"
699,2,11,10,"02-11-10"
700,2,11,11,"02-11-11"
701,2,11,12,"02-11-12"
702,2,11,13,"02-11-13"
703,2,11,14,"02-11-14"
704,2,11,15,"02-11-15"
705,2,12,0,"02-12-00"
706,2,12,1,"02-12-01"
707,2,12,2,"02-12-02"
708,2,12,3,"02-12-03"
709,2,12,4,"02-12-04"
710,2,12,5,"02-12-05"
711,2,12,6,"02-12-06"
712,2,12,7,"02-12-07"
713,2,12,8,"02-12-08"
714,2,12,9,"02-12-09"
715,2,12,10,"02-12-10"
716,2,12,11,"02-12-11"
717,2,12,12,"02-12-12"
718,2,12,13,"02-12-13"
719,2,12,14,"02-12-14"
720,2,12,15,"02-12-15"
721,2,13,0,"02-13-00"
722,2,13,1,"02-13-01"
723,2,13,2,"02-13-02"
724,2,13,3,"02-13-03"
725,2,13,4,"02-13-04"
726,2,13,5,"02-13-05"
727,2,13,6,"02-13-06"
728,2,13,7,"02-13-07"
729,2,13,8,"02-13-08"
730,2,13,9,"02-13-09"
731,2,13,10,"02-13-10"
732,2,13,11,"02-13-11"
733,2,13,12,"02-13-12"
734,2,13,13,"02-13-13"
735,2,13,14,"02-13-14"
736,2,13,15,"02-13-15"
737,2,14,0,"02-14-00"
738,2,14,1,"02-14-01"
739,2,14,2,"02-14-02"
740,2,14,3,"02-14-03"
741,2,14,4,"02-14-04"
742,2,14,5,"02-14-05"
743,2,14,6,"02-14-06"
744,2,14,7,"02-14-07"
745,2,14,8,"02-14-08"
746,2,14,9,"02-14-09"
747,2,14,10,"02-14-10"
748,2,14,11,"02-14-11"
749,2,14,12,"02-14-12"
750,2,14,13,"02-14-13"
751,2,14,14,"02-14-14"
752,2,14,15,"02-14-15"
753,2,15,0,"02-15-00"
754,2,15,1,"02-15-01"
755,2,15,2,"02-15-02"
756,2,15,3,"02-15-03"
757,2,15,4,"02-15-04"
758,2,15,5,"02-15-05"
759,2,15,6,"02-15-06"
760,2,15,7,"02-15-07"
761,2,15,8,"02-15-08"
762,2,15,9,"02-15-09"
763,2,15,10,"02-15-10"
764,2,15,11,"02-15-11"
765,2,15,12,"02-15-12"
766,2,15,13,"02-15-13"
767,2,15,14,"02-15-14"
768,2,15,15,"02-15-15"
769,3,0,0,"03-00-00"
770,3,0,1,"03-00-01"
771,3,0,2,"03-00-02"
772,3,0,3,"03-00-03"
773,3,0,4,"03-00-04"
774,3,0,5,"03-00-05"
775,3,0,6,"03-00-06"
776,3,0,7,"03-00-07"
777,3,0,8,"03-00-08"
778,3,0,9,"03-00-09"
779,3,0,10,"03-00-10"
780,3,0,11,"03-00-11"
781,3,0,12,"03-00-12"
782,3,0,13,"03-00-13"
783,3,0,14,"03-00-14"
784,3,0,15,"03-00-15"
785,3,1,0,"03-01-00"
786,3,1,1,"03-01-01"
787,3,1,2,"03-01-02"
788,3,1,3,"03-01-03"
789,3,1,4,"03-01-04"
790,3,1,5,"03-01-05"
791,3,1,6,"03-01-06"
792,3,1,7,"03-01-07"
793,3,1,8,"03-01-08"
794,3,1,9,"03-01-09"
795,3,1,10,"03-01-10"
796,3,1,11,"03-01-11"
797,3,1,12,"03-01-12"
798,3,1,13,"03-01-13"
799,3,1,14,"03-01-14"
800,3,1,15,"03-01-15"
801,3,2,0,"03-02-00"
802,3,2,1,"03-02-01"
803,3,2,2,"03-02-02"
804,3,2,3,"03-02-03"
805,3,2,4,"03-02-04"
806,3,2,5,"03-02-05"
807,3,2,6,"03-02-06"
808,3,2,7,"03-02-07"
809,3,2,8,"03-02-08"
810,3,2,9,"03-02-09"
811,3,2,10,"03-02-10"
812,3,2,11,"03-02-11"
813,3,2,12,"03-02-12"
814,3,2,13,"03-02-13"
815,3,2,14,"03-02-14"
816,3,2,15,"03-02-15"
817,3,3,0,"03-03-00"
818,3,3,1,"03-03-01"
819,3,3,2,"03-03-02"
820,3,3,3,"03-03-03"
821,3,3,4,"03-03-04"
822,3,3,5,"03-03-05"
823,3,3,6,"03-03-06"
824,3,3,7,"03-03-07"
825,3,3,8,"03-03-08"
826,3,3,9,"03-03-09"
827,3,3,10,"03-03-10"
828,3,3,11,"03-03-11"
829,3,3,12,"03-03-12"
830,3,3,13,"03-03-13"
831,3,3,14,"03-03-14"
832,3,3,15,"03-03-15"
833,3,4,0,"03-04-00"
834,3,4,1,"03-04-01"
835,3,4,2,"03-04-02"
836,3,4,3,"03-04-03"
837,3,4,4,"03-04-04"
838,3,4,5,"03-04-05"
839,3,4,6,"03-04-06"
840,3,4,7,"03-04-07"
841,3,4,8,"03-04-08"
842,3,4,9,"03-04-09"
843,3,4,10,"03-04-10"
844,3,4,11,"03-04-11"
845,3,4,12,"03-04-12"
846,3,4,13,"03-04-13"
847,3,4,14,"03-04-14"
848,3,4,15,"03-04-15"
849,3,5,0,"03-05-00"
850,3,5,1,"03-05-01"
851,3,5,2,"03-05-02"
852,3,5,3,"03-05-03"
853,3,5,4,"03-05-04"
854,3,5,5,"03-05-05"
855,3,5,6,"03-05-06"
856,3,5,7,"03-05-07"
857,3,5,8,"03-05-08"
858,3,5,9,"03-05-09"
859,3,5,10,"03-05-10"
860,3,5,11,"03-05-11"
861,3,5,12,"03-05-12"
862,3,5,13,"03-05-13"
863,3,5,14,"03-05-14"
864,3,5,15,"03-05-15"
865,3,6,0,"03-06-00"
866,3,6,1,"03-06-01"
867,3,6,2,"03-06-02"
868,3,6,3,"03-06-03"
869,3,6,4,"03-06-04"
870,3,6,5,"03-06-05"
871,3,6,6,"03-06-06"
872,3,6,7,"03-06-07"
873,3,6,8,"03-06-08"
874,3,6,9,"03-06-09"
875,3,6,10,"03-06-10"
876,3,6,11,"03-06-11"
877,3,6,12,"03-06-12"
878,3,6,13,"03-06-13"
879,3,6,14,"03-06-14"
880,3,6,15,"03-06-15"
881,3,7,0,"03-07-00"
882,3,7,1,"03-07-01"
883,3,7,2,"03-07-02"
884,3,7,3,"03-07-03"
885,3,7,4,"03-07-04"
886,3,7,5,"03-07-05"
887,3,7,6,"03-07-06"
888,3,7,7,"03-07-07"
889,3,7,8,"03-07-08"
890,3,7,9,"03-07-09"
891,3,7,10,"03-07-10"
892,3,7,11,"03-07-11"
893,3,7,12,"03-07-12"
894,3,7,13,"03-07-13"
895,3,7,14,"03-07-14"
896,3,7,15,"03-07-15"
897,3,8,0,"03-08-00"
898,3,8,1,"03-08-01"
899,3,8,2,"03-08-02"
900,3,8,3,"03-08-03"
901,3,8,4,"03-08-04"
902,3,8,5,"03-08-05"
903,3,8,6,"03-08-06"
904,3,8,7,"03-08-07"
905,3,8,8,"03-08-08"
906,3,8,9,"03-08-09"
907,3,8,10,"03-08-10"
908,3,8,11,"03-08-11"
909,3,8,12,"03-08-12"
910,3,8,13,"03-08-13"
911,3,8,14,"03-08-14"
912,3,8,15,"03-08-15"
913,3,9,0,"03-09-00"
914,3,9,1,"03-09-01"
915,3,9,2,"03-09-02"
916,3,9,3,"03-09-03"
917,3,9,4,"03-09-04"
918,3,9,5,"03-09-05"
919,3,9,6,"03-09-06"
920,3,9,7,"03-09-07"
921,3,9,8,"03-09-08"
922,3,9,9,"03-09-09"
923,3,9,10,"03-09-10"
924,3,9,11,"03-09-11"
925,3,9,12,"03-09-12"
926,3,9,13,"03-09-13"
927,3,9,14,"03-09-14"
928,3,9,15,"03-09-15"
929,3,10,0,"03-10-00"
930,3,10,1,"03-10-01"
931,3,10,2,"03-10-02"
932,3,10,3,"03-10-03"
933,3,10,4,"03-10-04"
934,3,10,5,"03-10-05"
935,3,10,6,"03-10-06"
936,3,10,7,"03-10-07"
937,3,10,8,"03-10-08"
938,3,10,9,"03-10-09"
939,3,10,10,"03-10-10"
940,3,10,11,"03-10-11"
941,3,10,12,"03-10-12"
942,3,10,13,"03-10-13"
943,3,10,14,"03-10-14"
944,3,10,15,"03-10-15"
945,3,11,0,"03-11-00"
946,3,11,1,"03-11-01"
947,3,11,2,"03-11-02"
948,3,11,3,"03-11-03"
949,3,11,4,"03-11-04"
950,3,11,5,"03-11-05"
951,3,11,6,"03-11-06"
952,3,11,7,"03-11-07"
953,3,11,8,"03-11-08"
954,3,11,9,"03-11-09"
955,3,11,10,"03-11-10"
956,3,11,11,"03-11-11"
957,3,11,12,"03-11-12"
958,3,11,13,"03-11-13"
959,3,11,14,"03-11-14"
960,3,11,15,"03-11-15"
961,3,12,0,"03-12-00"
962,3,12,1,"03-12-01"
963,3,12,2,"03-12-02"
964,3,12,3,"03-12-03"
965,3,12,4,"03-12-04"
966,3,12,5,"03-12-05"
967,3,12,6,"03-12-06"
968,3,12,7,"03-12-07"
969,3,12,8,"03-12-08"
970,3,12,9,"03-12-09"
971,3,12,10,"03-12-10"
972,3,12,11,"03-12-11"
973,3,12,12,"03-12-12"
974,3,12,13,"03-12-13"
975,3,12,14,"03-12-14"
976,3,12,15,"03-12-15"
977,3,13,0,"03-13-00"
978,3,13,1,"03-13-01"
979,3,13,2,"03-13-02"
980,3,13,3,"03-13-03"
981,3,13,4,"03-13-04"
982,3,13,5,"03-13-05"
983,3,13,6,"03-13-06"
984,3,13,7,"03-13-07"
985,3,13,8,"03-13-08"
986,3,13,9,"03-13-09"
987,3,13,10,"03-13-10"
988,3,13,11,"03-13-11"
989,3,13,12,"03-13-12"
990,3,13,13,"03-13-13"
991,3,13,14,"03-13-14"
992,3,13,15,"03-13-15"
993,3,14,0,"03-14-00"
994,3,14,1,"03-14-01"
995,3,14,2,"03-14-02"
996,3,14,3,"03-14-03"
997,3,14,4,"03-14-04"
998,3,14,5,"03-14-05"
999,3,14,6,"03-14-06"
1000,3,14,7,"03-14-07"
1001,3,14,8,"03-14-08"
1002,3,14,9,"03-14-09"
1003,3,14,10,"03-14-10"
1004,3,14,11,"03-14-11"
1005,3,14,12,"03-14-12"
1006,3,14,13,"03-14-13"
1007,3,14,14,"03-14-14"
1008,3,14,15,"03-14-15"
1009,3,15,0,"03-15-00"
1010,3,15,1,"03-15-01"
1011,3,15,2,"03-15-02"
1012,3,15,3,"03-15-03"
1013,3,15,4,"03-15-04"
1014,3,15,5,"03-15-05"
1015,3,15,6,"03-15-06"
1016,3,15,7,"03-15-07"
1017,3,15,8,"03-15-08"
1018,3,15,9,"03-15-09"
1019,3,15,10,"03-15-10"
1020,3,15,11,"03-15-11"
1021,3,15,12,"03-15-12"
1022,3,15,13,"03-15-13"
1023,3,15,14,"03-15-14"
1024,3,15,15,"03-15-15"
1025,4,0,0,"04-00-00"
1026,4,0,1,"04-00-01"
1027,4,0,2,"04-00-02"
1028,4,0,3,"04-00-03"
1029,4,0,4,"04-00-04"
1030,4,0,5,"04-00-05"
1031,4,0,6,"04-00-06"
1032,4,0,7,"04-00-07"
1033,4,0,8,"04-00-08"
1034,4,0,9,"04-00-09"
1035,4,0,10,"04-00-10"
1036,4,0,11,"04-00-11"
1037,4,0,12,"04-00-12"
1038,4,0,13,"04-00-13"
1039,4,0,14,"04-00-14"
1040,4,0,15,"04-00-15"
1041,4,1,0,"04-01-00"
1042,4,1,1,"04-01-01"
1043,4,1,2,"04-01-02"
1044,4,1,3,"04-01-03"
1045,4,1,4,"04-01-04"
1046,4,1,5,"04-01-05"
1047,4,1,6,"04-01-06"
1048,4,1,7,"04-01-07"
1049,4,1,8,"04-01-08"
1050,4,1,9,"04-01-09"
1051,4,1,10,"04-01-10"
1052,4,1,11,"04-01-11"
1053,4,1,12,"04-01-12"
1054,4,1,13,"04-01-13"
1055,4,1,14,"04-01-14"
1056,4,1,15,"04-01-15"
1057,4,2,0,"04-02-00"
1058,4,2,1,"04-02-01"
1059,4,2,2,"04-02-02"
1060,4,2,3,"04-02-03"
1061,4,2,4,"04-02-04"
1062,4,2,5,"04-02-05"
1063,4,2,6,"04-02-06"
1064,4,2,7,"04-02-07"
1065,4,2,8,"04-02-08"
1066,4,2,9,"04-02-09"
1067,4,2,10,"04-02-10"
1068,4,2,11,"04-02-11"
1069,4,2,12,"04-02-12"
1070,4,2,13,"04-02-13"
1071,4,2,14,"04-02-14"
1072,4,2,15,"04-02-15"
1073,4,3,0,"04-03-00"
1074,4,3,1,"04-03-01"
1075,4,3,2,"04-03-02"
1076,4,3,3,"04-03-03"
1077,4,3,4,"04-03-04"
1078,4,3,5,"04-03-05"
1079,4,3,6,"04-03-06"
1080,4,3,7,"04-03-07"
1081,4,3,8,"04-03-08"
1082,4,3,9,"04-03-09"
1083,4,3,10,"04-03-10"
1084,4,3,11,"04-03-11"
1085,4,3,12,"04-03-12"
1086,4,3,13,"04-03-13"
1087,4,3,14,"04-03-14"
1088,4,3,15,"04-03-15"
1089,4,4,0,"04-04-00"
1090,4,4,1,"04-04-01"
1091,4,4,2,"04-04-02"
1092,4,4,3,"04-04-03"
1093,4,4,4,"04-04-04"
1094,4,4,5,"04-04-05"
1095,4,4,6,"04-04-06"
1096,4,4,7,"04-04-07"
1097,4,4,8,"04-04-08"
1098,4,4,9,"04-04-09"
1099,4,4,10,"04-04-10"
1100,4,4,11,"04-04-11"
1101,4,4,12,"04-04-12"
1102,4,4,13,"04-04-13"
1103,4,4,14,"04-04-14"
1104,4,4,15,"04-04-15"
1105,4,5,0,"04-05-00"
1106,4,5,1,"04-05-01"
1107,4,5,2,"04-05-02"
1108,4,5,3,"04-05-03"
1109,4,5,4,"04-05-04"
1110,4,5,5,"04-05-05"
1111,4,5,6,"04-05-06"
1112,4,5,7,"04-05-07"
1113,4,5,8,"04-05-08"
1114,4,5,9,"04-05-09"
1115,4,5,10,"04-05-10"
1116,4,5,11,"04-05-11"
1117,4,5,12,"04-05-12"
1118,4,5,13,"04-05-13"
1119,4,5,14,"04-05-14"
1120,4,5,15,"04-05-15"
1121,4,6,0,"04-06-00"
1122,4,6,1,"04-06-01"
1123,4,6,2,"04-06-02"
1124,4,6,3,"04-06-03"
1125,4,6,4,"04-06-04"
1126,4,6,5,"04-06-05"
1127,4,6,6,"04-06-06"
1128,4,6,7,"04-06-07"
1129,4,6,8,"04-06-08"
1130,4,6,9,"04-06-09"
1131,4,6,10,"04-06-10"
1132,4,6,11,"04-06-11"
1133,4,6,12,"04-06-12"
1134,4,6,13,"04-06-13"
1135,4,6,14,"04-06-14"
1136,4,6,15,"04-06-15"
1137,4,7,0,"04-07-00"
1138,4,7,1,"04-07-01"
1139,4,7,2,"04-07-02"
1140,4,7,3,"04-07-03"
1141,4,7,4,"04-07-04"
1142,4,7,5,"04-07-05"
1143,4,7,6,"04-07-06"
1144,4,7,7,"04-07-07"
1145,4,7,8,"04-07-08"
1146,4,7,9,"04-07-09"
1147,4,7,10,"04-07-10"
1148,4,7,11,"04-07-11"
1149,4,7,12,"04-07-12"
1150,4,7,13,"04-07-13"
1151,4,7,14,"04-07-14"
1152,4,7,15,"04-07-15"
1153,4,8,0,"04-08-00"
1154,4,8,1,"04-08-01"
1155,4,8,2,"04-08-02"
1156,4,8,3,"04-08-03"
1157,4,8,4,"04-08-04"
1158,4,8,5,"04-08-05"
1159,4,8,6,"04-08-06"
1160,4,8,7,"04-08-07"
1161,4,8,8,"04-08-08"
1162,4,8,9,"04-08-09"
1163,4,8,10,"04-08-10"
1164,4,8,11,"04-08-11"
1165,4,8,12,"04-08-12"
1166,4,8,13,"04-08-13"
1167,4,8,14,"04-08-14"
1168,4,8,15,"04-08-15"
1169,4,9,0,"04-09-00"
1170,4,9,1,"04-09-01"
1171,4,9,2,"04-09-02"
1172,4,9,3,"04-09-03"
1173,4,9,4,"04-09-04"
1174,4,9,5,"04-09-05"
1175,4,9,6,"04-09-06"
1176,4,9,7,"04-09-07"
1177,4,9,8,"04-09-08"
1178,4,9,9,"04-09-09"
1179,4,9,10,"04-09-10"
1180,4,9,11,"04-09-11"
1181,4,9,12,"04-09-12"
1182,4,9,13,"04-09-13"
1183,4,9,14,"04-09-14"
1184,4,9,15,"04-09-15"
1185,4,10,0,"04-10-00"
1186,4,10,1,"04-10-01"
1187,4,10,2,"04-10-02"
1188,4,10,3,"04-10-03"
1189,4,10,4,"04-10-04"
1190,4,10,5,"04-10-05"
1191,4,10,6,"04-10-06"
1192,4,10,7,"04-10-07"
1193,4,10,8,"04-10-08"
1194,4,10,9,"04-10-09"
1195,4,10,10,"04-10-10"
1196,4,10,11,"04-10-11"
1197,4,10,12,"04-10-12"
1198,4,10,13,"04-10-13"
1199,4,10,14,"04-10-14"
1200,4,10,15,"04-10-15"
1201,4,11,0,"04-11-00"
1202,4,11,1,"04-11-01"
1203,4,11,2,"04-11-02"
1204,4,11,3,"04-11-03"
1205,4,11,4,"04-11-04"
1206,4,11,5,"04-11-05"
1207,4,11,6,"04-11-06"
1208,4,11,7,"04-11-07"
1209,4,11,8,"04-11-08"
1210,4,11,9,"04-11-09"
1211,4,11,10,"04-11-10"
1212,4,11,11,"04-11-11"
1213,4,11,12,"04-11-12"
1214,4,11,13,"04-11-13"
1215,4,11,14,"04-11-14"
1216,4,11,15,"04-11-15"
1217,4,12,0,"04-12-00"
1218,4,12,1,"04-12-01"
1219,4,12,2,"04-12-02"
1220,4,12,3,"04-12-03"
1221,4,12,4,"04-12-04"
1222,4,12,5,"04-12-05"
1223,4,12,6,"04-12-06"
1224,4,12,7,"04-12-07"
1225,4,12,8,"04-12-08"
1226,4,12,9,"04-12-09"
1227,4,12,10,"04-12-10"
1228,4,12,11,"04-12-11"
1229,4,12,12,"04-12-12"
1230,4,12,13,"04-12-13"
1231,4,12,14,"04-12-14"
1232,4,12,15,"04-12-15"
1233,4,13,0,"04-13-00"
1234,4,13,1,"04-13-01"
1235,4,13,2,"04-13-02"
1236,4,13,3,"04-13-03"
1237,4,13,4,"04-13-04"
1238,4,13,5,"04-13-05"
1239,4,13,6,"04-13-06"
1240,4,13,7,"04-13-07"
1241,4,13,8,"04-13-08"
1242,4,13,9,"04-13-09"
1243,4,13,10,"04-13-10"
1244,4,13,11,"04-13-11"
1245,4,13,12,"04-13-12"
1246,4,13,13,"04-13-13"
1247,4,13,14,"04-13-14"
1248,4,13,15,"04-13-15"
1249,4,14,0,"04-14-00"
1250,4,14,1,"04-14-01"
1251,4,14,2,"04-14-02"
1252,4,14,3,"04-14-03"
1253,4,14,4,"04-14-04"
1254,4,14,5,"04-14-05"
1255,4,14,6,"04-14-06"
1256,4,14,7,"04-14-07"
1257,4,14,8,"04-14-08"
1258,4,14,9,"04-14-09"
1259,4,14,10,"04-14-10"
1260,4,14,11,"04-14-11"
1261,4,14,12,"04-14-12"
1262,4,14,13,"04-14-13"
1263,4,14,14,"04-14-14"
1264,4,14,15,"04-14-15"
1265,4,15,0,"04-15-00"
1266,4,15,1,"04-15-01"
1267,4,15,2,"04-15-02"
1268,4,15,3,"04-15-03"
1269,4,15,4,"04-15-04"
1270,4,15,5,"04-15-05"
1271,4,15,6,"04-15-06"
1272,4,15,7,"04-15-07"
1273,4,15,8,"04-15-08"
1274,4,15,9,"04-15-09"
1275,4,15,10,"04-15-10"
1276,4,15,11,"04-15-11"
1277,4,15,12,"04-15-12"
1278,4,15,13,"04-15-13"
1279,4,15,14,"04-15-14"
1280,4,15,15,"04-15-15"
1281,5,0,0,"05-00-00"
1282,5,0,1,"05-00-01"
1283,5,0,2,"05-00-02"
1284,5,0,3,"05-00-03"
1285,5,0,4,"05-00-04"
1286,5,0,5,"05-00-05"
1287,5,0,6,"05-00-06"
1288,5,0,7,"05-00-07"
1289,5,0,8,"05-00-08"
1290,5,0,9,"05-00-09"
1291,5,0,10,"05-00-10"
1292,5,0,11,"05-00-11"
1293,5,0,12,"05-00-12"
1294,5,0,13,"05-00-13"
1295,5,0,14,"05-00-14"
1296,5,0,15,"05-00-15"
1297,5,1,0,"05-01-00"
1298,5,1,1,"05-01-01"
1299,5,1,2,"05-01-02"
1300,5,1,3,"05-01-03"
1301,5,1,4,"05-01-04"
1302,5,1,5,"05-01-05"
1303,5,1,6,"05-01-06"
1304,5,1,7,"05-01-07"
1305,5,1,8,"05-01-08"
1306,5,1,9,"05-01-09"
1307,5,1,10,"05-01-10"
1308,5,1,11,"05-01-11"
1309,5,1,12,"05-01-12"
1310,5,1,13,"05-01-13"
1311,5,1,14,"05-01-14"
1312,5,1,15,"05-01-15"
1313,5,2,0,"05-02-00"
1314,5,2,1,"05-02-01"
1315,5,2,2,"05-02-02"
1316,5,2,3,"05-02-03"
1317,5,2,4,"05-02-04"
1318,5,2,5,"05-02-05"
1319,5,2,6,"05-02-06"
1320,5,2,7,"05-02-07"
1321,5,2,8,"05-02-08"
1322,5,2,9,"05-02-09"
1323,5,2,10,"05-02-10"
1324,5,2,11,"05-02-11"
1325,5,2,12,"05-02-12"
1326,5,2,13,"05-02-13"
1327,5,2,14,"05-02-14"
1328,5,2,15,"05-02-15"
1329,5,3,0,"05-03-00"
1330,5,3,1,"05-03-01"
1331,5,3,2,"05-03-02"
1332,5,3,3,"05-03-03"
1333,5,3,4,"05-03-04"
1334,5,3,5,"05-03-05"
1335,5,3,6,"05-03-06"
1336,5,3,7,"05-03-07"
1337,5,3,8,"05-03-08"
1338,5,3,9,"05-03-09"
1339,5,3,10,"05-03-10"
1340,5,3,11,"05-03-11"
1341,5,3,12,"05-03-12"
1342,5,3,13,"05-03-13"
1343,5,3,14,"05-03-14"
1344,5,3,15,"05-03-15"
1345,5,4,0,"05-04-00"
1346,5,4,1,"05-04-01"
1347,5,4,2,"05-04-02"
1348,5,4,3,"05-04-03"
1349,5,4,4,"05-04-04"
1350,5,4,5,"05-04-05"
1351,5,4,6,"05-04-06"
1352,5,4,7,"05-04-07"
1353,5,4,8,"05-04-08"
1354,5,4,9,"05-04-09"
1355,5,4,10,"05-04-10"
1356,5,4,11,"05-04-11"
1357,5,4,12,"05-04-12"
1358,5,4,13,"05-04-13"
1359,5,4,14,"05-04-14"
1360,5,4,15,"05-04-15"
1361,5,5,0,"05-05-00"
1362,5,5,1,"05-05-01"
1363,5,5,2,"05-05-02"
1364,5,5,3,"05-05-03"
1365,5,5,4,"05-05-04"
1366,5,5,5,"05-05-05"
1367,5,5,6,"05-05-06"
1368,5,5,7,"05-05-07"
1369,5,5,8,"05-05-08"
1370,5,5,9,"05-05-09"
1371,5,5,10,"05-05-10"
1372,5,5,11,"05-05-11"
1373,5,5,12,"05-05-12"
1374,5,5,13,"05-05-13"
1375,5,5,14,"05-05-14"
1376,5,5,15,"05-05-15"
1377,5,6,0,"05-06-00"
1378,5,6,1,"05-06-01"
1379,5,6,2,"05-06-02"
1380,5,6,3,"05-06-03"
1381,5,6,4,"05-06-04"
1382,5,6,5,"05-06-05"
1383,5,6,6,"05-06-06"
1384,5,6,7,"05-06-07"
1385,5,6,8,"05-06-08"
1386,5,6,9,"05-06-09"
1387,5,6,10,"05-06-10"
1388,5,6,11,"05-06-11"
1389,5,6,12,"05-06-12"
1390,5,6,13,"05-06-13"
1391,5,6,14,"05-06-14"
1392,5,6,15,"05-06-15"
1393,5,7,0,"05-07-00"
1394,5,7,1,"05-07-01"
1395,5,7,2,"05-07-02"
1396,5,7,3,"05-07-03"
1397,5,7,4,"05-07-04"
1398,5,7,5,"05-07-05"
1399,5,7,6,"05-07-06"
1400,5,7,7,"05-07-07"
1401,5,7,8,"05-07-08"
1402,5,7,9,"05-07-09"
1403,5,7,10,"05-07-10"
1404,5,7,11,"05-07-11"
1405,5,7,12,"05-07-12"
1406,5,7,13,"05-07-13"
1407,5,7,14,"05-07-14"
1408,5,7,15,"05-07-15"
1409,5,8,0,"05-08-00"
1410,5,8,1,"05-08-01"
1411,5,8,2,"05-08-02"
1412,5,8,3,"05-08-03"
1413,5,8,4,"05-08-04"
1414,5,8,5,"05-08-05"
1415,5,8,6,"05-08-06"
1416,5,8,7,"05-08-07"
1417,5,8,8,"05-08-08"
1418,5,8,9,"05-08-09"
1419,5,8,10,"05-08-10"
1420,5,8,11,"05-08-11"
1421,5,8,12,"05-08-12"
1422,5,8,13,"05-08-13"
1423,5,8,14,"05-08-14"
1424,5,8,15,"05-08-15"
1425,5,9,0,"05-09-00"
1426,5,9,1,"05-09-01"
1427,5,9,2,"05-09-02"
1428,5,9,3,"05-09-03"
1429,5,9,4,"05-09-04"
1430,5,9,5,"05-09-05"
1431,5,9,6,"05-09-06"
1432,5,9,7,"05-09-07"
1433,5,9,8,"05-09-08"
1434,5,9,9,"05-09-09"
1435,5,9,10,"05-09-10"
1436,5,9,11,"05-09-11"
1437,5,9,12,"05-09-12"
1438,5,9,13,"05-09-13"
1439,5,9,14,"05-09-14"
1440,5,9,15,"05-09-15"
1441,5,10,0,"05-10-00"
1442,5,10,1,"05-10-01"
1443,5,10,2,"05-10-02"
1444,5,10,3,"05-10-03"
1445,5,10,4,"05-10-04"
1446,5,10,5,"05-10-05"
1447,5,10,6,"05-10-06"
1448,5,10,7,"05-10-07"
1449,5,10,8,"05-10-08"
1450,5,10,9,"05-10-09"
1451,5,10,10,"05-10-10"
1452,5,10,11,"05-10-11"
1453,5,10,12,"05-10-12"
1454,5,10,13,"05-10-13"
1455,5,10,14,"05-10-14"
1456,5,10,15,"05-10-15"
1457,5,11,0,"05-11-00"
1458,5,11,1,"05-11-01"
1459,5,11,2,"05-11-02"
1460,5,11,3,"05-11-03"
1461,5,11,4,"05-11-04"
1462,5,11,5,"05-11-05"
1463,5,11,6,"05-11-06"
1464,5,11,7,"05-11-07"
1465,5,11,8,"05-11-08"
1466,5,11,9,"05-11-09"
1467,5,11,10,"05-11-10"
1468,5,11,11,"05-11-11"
1469,5,11,12,"05-11-12"
1470,5,11,13,"05-11-13"
1471,5,11,14,"05-11-14"
1472,5,11,15,"05-11-15"
1473,5,12,0,"05-12-00"
1474,5,12,1,"05-12-01"
1475,5,12,2,"05-12-02"
1476,5,12,3,"05-12-03"
1477,5,12,4,"05-12-04"
1478,5,12,5,"05-12-05"
1479,5,12,6,"05-12-06"
1480,5,12,7,"05-12-07"
1481,5,12,8,"05-12-08"
1482,5,12,9,"05-12-09"
1483,5,12,10,"05-12-10"
1484,5,12,11,"05-12-11"
1485,5,12,12,"05-12-12"
1486,5,12,13,"05-12-13"
1487,5,12,14,"05-12-14"
1488,5,12,15,"05-12-15"
1489,5,13,0,"05-13-00"
1490,5,13,1,"05-13-01"
1491,5,13,2,"05-13-02"
1492,5,13,3,"05-13-03"
1493,5,13,4,"05-13-04"
1494,5,13,5,"05-13-05"
1495,5,13,6,"05-13-06"
1496,5,13,7,"05-13-07"
1497,5,13,8,"05-13-08"
1498,5,13,9,"05-13-09"
1499,5,13,10,"05-13-10"
1500,5,13,11,"05-13-11"
1501,5,13,12,"05-13-12"
1502,5,13,13,"05-13-13"
1503,5,13,14,"05-13-14"
1504,5,13,15,"05-13-15"
1505,5,14,0,"05-14-00"
1506,5,14,1,"05-14-01"
1507,5,14,2,"05-14-02"
1508,5,14,3,"05-14-03"
1509,5,14,4,"05-14-04"
1510,5,14,5,"05-14-05"
1511,5,14,6,"05-14-06"
1512,5,14,7,"05-14-07"
1513,5,14,8,"05-14-08"
1514,5,14,9,"05-14-09"
1515,5,14,10,"05-14-10"
1516,5,14,11,"05-14-11"
1517,5,14,12,"05-14-12"
1518,5,14,13,"05-14-13"
1519,5,14,14,"05-14-14"
1520,5,14,15,"05-14-15"
1521,5,15,0,"05-15-00"
1522,5,15,1,"05-15-01"
1523,5,15,2,"05-15-02"
1524,5,15,3,"05-15-03"
1525,5,15,4,"05-15-04"
1526,5,15,5,"05-15-05"
1527,5,15,6,"05-15-06"
1528,5,15,7,"05-15-07"
1529,5,15,8,"05-15-08"
1530,5,15,9,"05-15-09"
1531,5,15,10,"05-15-10"
1532,5,15,11,"05-15-11"
1533,5,15,12,"05-15-12"
1534,5,15,13,"05-15-13"
1535,5,15,14,"05-15-14"
1536,5,15,15,"05-15-15"
1537,6,0,0,"06-00-00"
1538,6,0,1,"06-00-01"
1539,6,0,2,"06-00-02"
1540,6,0,3,"06-00-03"
1541,6,0,4,"06-00-04"
1542,6,0,5,"06-00-05"
1543,6,0,6,"06-00-06"
1544,6,0,7,"06-00-07"
1545,6,0,8,"06-00-08"
1546,6,0,9,"06-00-09"
1547,6,0,10,"06-00-10"
1548,6,0,11,"06-00-11"
1549,6,0,12,"06-00-12"
1550,6,0,13,"06-00-13"
1551,6,0,14,"06-00-14"
1552,6,0,15,"06-00-15"
1553,6,1,0,"06-01-00"
1554,6,1,1,"06-01-01"
1555,6,1,2,"06-01-02"
1556,6,1,3,"06-01-03"
1557,6,1,4,"06-01-04"
1558,6,1,5,"06-01-05"
1559,6,1,6,"06-01-06"
1560,6,1,7,"06-01-07"
1561,6,1,8,"06-01-08"
1562,6,1,9,"06-01-09"
1563,6,1,10,"06-01-10"
1564,6,1,11,"06-01-11"
1565,6,1,12,"06-01-12"
1566,6,1,13,"06-01-13"
1567,6,1,14,"06-01-14"
1568,6,1,15,"06-01-15"
1569,6,2,0,"06-02-00"
1570,6,2,1,"06-02-01"
1571,6,2,2,"06-02-02"
1572,6,2,3,"06-02-03"
1573,6,2,4,"06-02-04"
1574,6,2,5,"06-02-05"
1575,6,2,6,"06-02-06"
1576,6,2,7,"06-02-07"
1577,6,2,8,"06-02-08"
1578,6,2,9,"06-02-09"
1579,6,2,10,"06-02-10"
1580,6,2,11,"06-02-11"
1581,6,2,12,"06-02-12"
1582,6,2,13,"06-02-13"
1583,6,2,14,"06-02-14"
1584,6,2,15,"06-02-15"
1585,6,3,0,"06-03-00"
1586,6,3,1,"06-03-01"
1587,6,3,2,"06-03-02"
1588,6,3,3,"06-03-03"
1589,6,3,4,"06-03-04"
1590,6,3,5,"06-03-05"
1591,6,3,6,"06-03-06"
1592,6,3,7,"06-03-07"
1593,6,3,8,"06-03-08"
1594,6,3,9,"06-03-09"
1595,6,3,10,"06-03-10"
1596,6,3,11,"06-03-11"
1597,6,3,12,"06-03-12"
1598,6,3,13,"06-03-13"
1599,6,3,14,"06-03-14"
1600,6,3,15,"06-03-15"
1601,6,4,0,"06-04-00"
1602,6,4,1,"06-04-01"
1603,6,4,2,"06-04-02"
1604,6,4,3,"06-04-03"
1605,6,4,4,"06-04-04"
1606,6,4,5,"06-04-05"
1607,6,4,6,"06-04-06"
1608,6,4,7,"06-04-07"
1609,6,4,8,"06-04-08"
1610,6,4,9,"06-04-09"
1611,6,4,10,"06-04-10"
1612,6,4,11,"06-04-11"
1613,6,4,12,"06-04-12"
1614,6,4,13,"06-04-13"
1615,6,4,14,"06-04-14"
1616,6,4,15,"06-04-15"
1617,6,5,0,"06-05-00"
1618,6,5,1,"06-05-01"
1619,6,5,2,"06-05-02"
1620,6,5,3,"06-05-03"
1621,6,5,4,"06-05-04"
1622,6,5,5,"06-05-05"
1623,6,5,6,"06-05-06"
1624,6,5,7,"06-05-07"
1625,6,5,8,"06-05-08"
1626,6,5,9,"06-05-09"
1627,6,5,10,"06-05-10"
1628,6,5,11,"06-05-11"
1629,6,5,12,"06-05-12"
1630,6,5,13,"06-05-13"
1631,6,5,14,"06-05-14"
1632,6,5,15,"06-05-15"
1633,6,6,0,"06-06-00"
1634,6,6,1,"06-06-01"
1635,6,6,2,"06-06-02"
1636,6,6,3,"06-06-03"
1637,6,6,4,"06-06-04"
1638,6,6,5,"06-06-05"
1639,6,6,6,"06-06-06"
1640,6,6,7,"06-06-07"
1641,6,6,8,"06-06-08"
1642,6,6,9,"06-06-09"
1643,6,6,10,"06-06-10"
1644,6,6,11,"06-06-11"
1645,6,6,12,"06-06-12"
1646,6,6,13,"06-06-13"
1647,6,6,14,"06-06-14"
1648,6,6,15,"06-06-15"
1649,6,7,0,"06-07-00"
1650,6,7,1,"06-07-01"
1651,6,7,2,"06-07-02"
1652,6,7,3,"06-07-03"
1653,6,7,4,"06-07-04"
1654,6,7,5,"06-07-05"
1655,6,7,6,"06-07-06"
1656,6,7,7,"06-07-07"
1657,6,7,8,"06-07-08"
1658,6,7,9,"06-07-09"
1659,6,7,10,"06-07-10"
1660,6,7,11,"06-07-11"
1661,6,7,12,"06-07-12"
1662,6,7,13,"06-07-13"
1663,6,7,14,"06-07-14"
1664,6,7,15,"06-07-15"
1665,6,8,0,"06-08-00"
1666,6,8,1,"06-08-01"
1667,6,8,2,"06-08-02"
1668,6,8,3,"06-08-03"
1669,6,8,4,"06-08-04"
1670,6,8,5,"06-08-05"
1671,6,8,6,"06-08-06"
1672,6,8,7,"06-08-07"
1673,6,8,8,"06-08-08"
1674,6,8,9,"06-08-09"
1675,6,8,10,"06-08-10"
1676,6,8,11,"06-08-11"
1677,6,8,12,"06-08-12"
1678,6,8,13,"06-08-13"
1679,6,8,14,"06-08-14"
1680,6,8,15,"06-08-15"
1681,6,9,0,"06-09-00"
1682,6,9,1,"06-09-01"
1683,6,9,2,"06-09-02"
1684,6,9,3,"06-09-03"
1685,6,9,4,"06-09-04"
1686,6,9,5,"06-09-05"
1687,6,9,6,"06-09-06"
1688,6,9,7,"06-09-07"
1689,6,9,8,"06-09-08"
1690,6,9,9,"06-09-09"
1691,6,9,10,"06-09-10"
1692,6,9,11,"06-09-11"
1693,6,9,12,"06-09-12"
1694,6,9,13,"06-09-13"
1695,6,9,14,"06-09-14"
1696,6,9,15,"06-09-15"
1697,6,10,0,"06-10-00"
1698,6,10,1,"06-10-01"
1699,6,10,2,"06-10-02"
1700,6,10,3,"06-10-03"
1701,6,10,4,"06-10-04"
1702,6,10,5,"06-10-05"
1703,6,10,6,"06-10-06"
1704,6,10,7,"06-10-07"
1705,6,10,8,"06-10-08"
1706,6,10,9,"06-10-09"
1707,6,10,10,"06-10-10"
1708,6,10,11,"06-10-11"
1709,6,10,12,"06-10-12"
1710,6,10,13,"06-10-13"
1711,6,10,14,"06-10-14"
1712,6,10,15,"06-10-15"
1713,6,11,0,"06-11-00"
1714,6,11,1,"06-11-01"
1715,6,11,2,"06-11-02"
1716,6,11,3,"06-11-03"
1717,6,11,4,"06-11-04"
1718,6,11,5,"06-11-05"
1719,6,11,6,"06-11-06"
1720,6,11,7,"06-11-07"
1721,6,11,8,"06-11-08"
1722,6,11,9,"06-11-09"
1723,6,11,10,"06-11-10"
1724,6,11,11,"06-11-11"
1725,6,11,12,"06-11-12"
1726,6,11,13,"06-11-13"
1727,6,11,14,"06-11-14"
1728,6,11,15,"06-11-15"
1729,6,12,0,"06-12-00"
1730,6,12,1,"06-12-01"
1731,6,12,2,"06-12-02"
1732,6,12,3,"06-12-03"
1733,6,12,4,"06-12-04"
1734,6,12,5,"06-12-05"
1735,6,12,6,"06-12-06"
1736,6,12,7,"06-12-07"
1737,6,12,8,"06-12-08"
1738,6,12,9,"06-12-09"
1739,6,12,10,"06-12-10"
1740,6,12,11,"06-12-11"
1741,6,12,12,"06-12-12"
1742,6,12,13,"06-12-13"
1743,6,12,14,"06-12-14"
1744,6,12,15,"06-12-15"
1745,6,13,0,"06-13-00"
1746,6,13,1,"06-13-01"
1747,6,13,2,"06-13-02"
1748,6,13,3,"06-13-03"
1749,6,13,4,"06-13-04"
1750,6,13,5,"06-13-05"
1751,6,13,6,"06-13-06"
1752,6,13,7,"06-13-07"
1753,6,13,8,"06-13-08"
1754,6,13,9,"06-13-09"
1755,6,13,10,"06-13-10"
1756,6,13,11,"06-13-11"
1757,6,13,12,"06-13-12"
1758,6,13,13,"06-13-13"
1759,6,13,14,"06-13-14"
1760,6,13,15,"06-13-15"
1761,6,14,0,"06-14-00"
1762,6,14,1,"06-14-01"
1763,6,14,2,"06-14-02"
1764,6,14,3,"06-14-03"
1765,6,14,4,"06-14-04"
1766,6,14,5,"06-14-05"
1767,6,14,6,"06-14-06"
1768,6,14,7,"06-14-07"
1769,6,14,8,"06-14-08"
1770,6,14,9,"06-14-09"
1771,6,14,10,"06-14-10"
1772,6,14,11,"06-14-11"
1773,6,14,12,"06-14-12"
1774,6,14,13,"06-14-13"
1775,6,14,14,"06-14-14"
1776,6,14,15,"06-14-15"
1777,6,15,0,"06-15-00"
1778,6,15,1,"06-15-01"
1779,6,15,2,"06-15-02"
1780,6,15,3,"06-15-03"
1781,6,15,4,"06-15-04"
1782,6,15,5,"06-15-05"
1783,6,15,6,"06-15-06"
1784,6,15,7,"06-15-07"
1785,6,15,8,"06-15-08"
1786,6,15,9,"06-15-09"
1787,6,15,10,"06-15-10"
1788,6,15,11,"06-15-11"
1789,6,15,12,"06-15-12"
1790,6,15,13,"06-15-13"
1791,6,15,14,"06-15-14"
1792,6,15,15,"06-15-15"
1793,7,0,0,"07-00-00"
1794,7,0,1,"07-00-01"
1795,7,0,2,"07-00-02"
1796,7,0,3,"07-00-03"
1797,7,0,4,"07-00-04"
1798,7,0,5,"07-00-05"
1799,7,0,6,"07-00-06"
1800,7,0,7,"07-00-07"
1801,7,0,8,"07-00-08"
1802,7,0,9,"07-00-09"
1803,7,0,10,"07-00-10"
1804,7,0,11,"07-00-11"
1805,7,0,12,"07-00-12"
1806,7,0,13,"07-00-13"
1807,7,0,14,"07-00-14"
1808,7,0,15,"07-00-15"
1809,7,1,0,"07-01-00"
1810,7,1,1,"07-01-01"
1811,7,1,2,"07-01-02"
1812,7,1,3,"07-01-03"
1813,7,1,4,"07-01-04"
1814,7,1,5,"07-01-05"
1815,7,1,6,"07-01-06"
1816,7,1,7,"07-01-07"
1817,7,1,8,"07-01-08"
1818,7,1,9,"07-01-09"
1819,7,1,10,"07-01-10"
1820,7,1,11,"07-01-11"
1821,7,1,12,"07-01-12"
1822,7,1,13,"07-01-13"
1823,7,1,14,"07-01-14"
1824,7,1,15,"07-01-15"
1825,7,2,0,"07-02-00"
1826,7,2,1,"07-02-01"
1827,7,2,2,"07-02-02"
1828,7,2,3,"07-02-03"
1829,7,2,4,"07-02-04"
1830,7,2,5,"07-02-05"
1831,7,2,6,"07-02-06"
1832,7,2,7,"07-02-07"
1833,7,2,8,"07-02-08"
1834,7,2,9,"07-02-09"
1835,7,2,10,"07-02-10"
1836,7,2,11,"07-02-11"
1837,7,2,12,"07-02-12"
1838,7,2,13,"07-02-13"
1839,7,2,14,"07-02-14"
1840,7,2,15,"07-02-15"
1841,7,3,0,"07-03-00"
1842,7,3,1,"07-03-01"
1843,7,3,2,"07-03-02"
1844,7,3,3,"07-03-03"
1845,7,3,4,"07-03-04"
1846,7,3,5,"07-03-05"
1847,7,3,6,"07-03-06"
1848,7,3,7,"07-03-07"
1849,7,3,8,"07-03-08"
1850,7,3,9,"07-03-09"
1851,7,3,10,"07-03-10"
1852,7,3,11,"07-03-11"
1853,7,3,12,"07-03-12"
1854,7,3,13,"07-03-13"
1855,7,3,14,"07-03-14"
1856,7,3,15,"07-03-15"
1857,7,4,0,"07-04-00"
1858,7,4,1,"07-04-01"
1859,7,4,2,"07-04-02"
1860,7,4,3,"07-04-03"
1861,7,4,4,"07-04-04"
1862,7,4,5,"07-04-05"
1863,7,4,6,"07-04-06"
1864,7,4,7,"07-04-07"
1865,7,4,8,"07-04-08"
1866,7,4,9,"07-04-09"
1867,7,4,10,"07-04-10"
1868,7,4,11,"07-04-11"
1869,7,4,12,"07-04-12"
1870,7,4,13,"07-04-13"
1871,7,4,14,"07-04-14"
1872,7,4,15,"07-04-15"
1873,7,5,0,"07-05-00"
1874,7,5,1,"07-05-01"
1875,7,5,2,"07-05-02"
1876,7,5,3,"07-05-03"
1877,7,5,4,"07-05-04"
1878,7,5,5,"07-05-05"
1879,7,5,6,"07-05-06"
1880,7,5,7,"07-05-07"
1881,7,5,8,"07-05-08"
1882,7,5,9,"07-05-09"
1883,7,5,10,"07-05-10"
1884,7,5,11,"07-05-11"
1885,7,5,12,"07-05-12"
1886,7,5,13,"07-05-13"
1887,7,5,14,"07-05-14"
1888,7,5,15,"07-05-15"
1889,7,6,0,"07-06-00"
1890,7,6,1,"07-06-01"
1891,7,6,2,"07-06-02"
1892,7,6,3,"07-06-03"
1893,7,6,4,"07-06-04"
1894,7,6,5,"07-06-05"
1895,7,6,6,"07-06-06"
1896,7,6,7,"07-06-07"
1897,7,6,8,"07-06-08"
1898,7,6,9,"07-06-09"
1899,7,6,10,"07-06-10"
1900,7,6,11,"07-06-11"
1901,7,6,12,"07-06-12"
1902,7,6,13,"07-06-13"
1903,7,6,14,"07-06-14"
1904,7,6,15,"07-06-15"
1905,7,7,0,"07-07-00"
1906,7,7,1,"07-07-01"
1907,7,7,2,"07-07-02"
1908,7,7,3,"07-07-03"
1909,7,7,4,"07-07-04"
1910,7,7,5,"07-07-05"
1911,7,7,6,"07-07-06"
1912,7,7,7,"07-07-07"
1913,7,7,8,"07-07-08"
1914,7,7,9,"07-07-09"
1915,7,7,10,"07-07-10"
1916,7,7,11,"07-07-11"
1917,7,7,12,"07-07-12"
1918,7,7,13,"07-07-13"
1919,7,7,14,"07-07-14"
1920,7,7,15,"07-07-15"
1921,7,8,0,"07-08-00"
1922,7,8,1,"07-08-01"
1923,7,8,2,"07-08-02"
1924,7,8,3,"07-08-03"
1925,7,8,4,"07-08-04"
1926,7,8,5,"07-08-05"
1927,7,8,6,"07-08-06"
1928,7,8,7,"07-08-07"
1929,7,8,8,"07-08-08"
1930,7,8,9,"07-08-09"
1931,7,8,10,"07-08-10"
1932,7,8,11,"07-08-11"
1933,7,8,12,"07-08-12"
1934,7,8,13,"07-08-13"
1935,7,8,14,"07-08-14"
1936,7,8,15,"07-08-15"
1937,7,9,0,"07-09-00"
1938,7,9,1,"07-09-01"
1939,7,9,2,"07-09-02"
1940,7,9,3,"07-09-03"
1941,7,9,4,"07-09-04"
1942,7,9,5,"07-09-05"
1943,7,9,6,"07-09-06"
1944,7,9,7,"07-09-07"
1945,7,9,8,"07-09-08"
1946,7,9,9,"07-09-09"
1947,7,9,10,"07-09-10"
1948,7,9,11,"07-09-11"
1949,7,9,12,"07-09-12"
1950,7,9,13,"07-09-13"
1951,7,9,14,"07-09-14"
1952,7,9,15,"07-09-15"
1953,7,10,0,"07-10-00"
1954,7,10,1,"07-10-01"
1955,7,10,2,"07-10-02"
1956,7,10,3,"07-10-03"
1957,7,10,4,"07-10-04"
1958,7,10,5,"07-10-05"
1959,7,10,6,"07-10-06"
1960,7,10,7,"07-10-07"
1961,7,10,8,"07-10-08"
1962,7,10,9,"07-10-09"
1963,7,10,10,"07-10-10"
1964,7,10,11,"07-10-11"
1965,7,10,12,"07-10-12"
1966,7,10,13,"07-10-13"
1967,7,10,14,"07-10-14"
1968,7,10,15,"07-10-15"
1969,7,11,0,"07-11-00"
1970,7,11,1,"07-11-01"
1971,7,11,2,"07-11-02"
1972,7,11,3,"07-11-03"
1973,7,11,4,"07-11-04"
1974,7,11,5,"07-11-05"
1975,7,11,6,"07-11-06"
1976,7,11,7,"07-11-07"
1977,7,11,8,"07-11-08"
1978,7,11,9,"07-11-09"
1979,7,11,10,"07-11-10"
1980,7,11,11,"07-11-11"
1981,7,11,12,"07-11-12"
1982,7,11,13,"07-11-13"
1983,7,11,14,"07-11-14"
1984,7,11,15,"07-11-15"
1985,7,12,0,"07-12-00"
1986,7,12,1,"07-12-01"
1987,7,12,2,"07-12-02"
1988,7,12,3,"07-12-03"
1989,7,12,4,"07-12-04"
1990,7,12,5,"07-12-05"
1991,7,12,6,"07-12-06"
1992,7,12,7,"07-12-07"
1993,7,12,8,"07-12-08"
1994,7,12,9,"07-12-09"
1995,7,12,10,"07-12-10"
1996,7,12,11,"07-12-11"
1997,7,12,12,"07-12-12"
1998,7,12,13,"07-12-13"
1999,7,12,14,"07-12-14"
2000,7,12,15,"07-12-15"
2001,7,13,0,"07-13-00"
2002,7,13,1,"07-13-01"
2003,7,13,2,"07-13-02"
2004,7,13,3,"07-13-03"
2005,7,13,4,"07-13-04"
2006,7,13,5,"07-13-05"
2007,7,13,6,"07-13-06"
2008,7,13,7,"07-13-07"
2009,7,13,8,"07-13-08"
2010,7,13,9,"07-13-09"
2011,7,13,10,"07-13-10"
2012,7,13,11,"07-13-11"
2013,7,13,12,"07-13-12"
2014,7,13,13,"07-13-13"
2015,7,13,14,"07-13-14"
2016,7,13,15,"07-13-15"
2017,7,14,0,"07-14-00"
2018,7,14,1,"07-14-01"
2019,7,14,2,"07-14-02"
2020,7,14,3,"07-14-03"
2021,7,14,4,"07-14-04"
2022,7,14,5,"07-14-05"
2023,7,14,6,"07-14-06"
2024,7,14,7,"07-14-07"
2025,7,14,8,"07-14-08"
2026,7,14,9,"07-14-09"
2027,7,14,10,"07-14-10"
2028,7,14,11,"07-14-11"
2029,7,14,12,"07-14-12"
2030,7,14,13,"07-14-13"
2031,7,14,14,"07-14-14"
2032,7,14,15,"07-14-15"
2033,7,15,0,"07-15-00"
2034,7,15,1,"07-15-01"
2035,7,15,2,"07-15-02"
2036,7,15,3,"07-15-03"
2037,7,15,4,"07-15-04"
2038,7,15,5,"07-15-05"
2039,7,15,6,"07-15-06"
2040,7,15,7,"07-15-07"
2041,7,15,8,"07-15-08"
2042,7,15,9,"07-15-09"
2043,7,15,10,"07-15-10"
2044,7,15,11,"07-15-11"
2045,7,15,12,"07-15-12"
2046,7,15,13,"07-15-13"
2047,7,15,14,"07-15-14"
2048,7,15,15,"07-15-15"
2049,8,0,0,"08-00-00"
2050,8,0,1,"08-00-01"
2051,8,0,2,"08-00-02"
2052,8,0,3,"08-00-03"
2053,8,0,4,"08-00-04"
2054,8,0,5,"08-00-05"
2055,8,0,6,"08-00-06"
2056,8,0,7,"08-00-07"
2057,8,0,8,"08-00-08"
2058,8,0,9,"08-00-09"
2059,8,0,10,"08-00-10"
2060,8,0,11,"08-00-11"
2061,8,0,12,"08-00-12"
2062,8,0,13,"08-00-13"
2063,8,0,14,"08-00-14"
2064,8,0,15,"08-00-15"
2065,8,1,0,"08-01-00"
2066,8,1,1,"08-01-01"
2067,8,1,2,"08-01-02"
2068,8,1,3,"08-01-03"
2069,8,1,4,"08-01-04"
2070,8,1,5,"08-01-05"
2071,8,1,6,"08-01-06"
2072,8,1,7,"08-01-07"
2073,8,1,8,"08-01-08"
2074,8,1,9,"08-01-09"
2075,8,1,10,"08-01-10"
2076,8,1,11,"08-01-11"
2077,8,1,12,"08-01-12"
2078,8,1,13,"08-01-13"
2079,8,1,14,"08-01-14"
2080,8,1,15,"08-01-15"
2081,8,2,0,"08-02-00"
2082,8,2,1,"08-02-01"
2083,8,2,2,"08-02-02"
2084,8,2,3,"08-02-03"
2085,8,2,4,"08-02-04"
2086,8,2,5,"08-02-05"
2087,8,2,6,"08-02-06"
2088,8,2,7,"08-02-07"
2089,8,2,8,"08-02-08"
2090,8,2,9,"08-02-09"
2091,8,2,10,"08-02-10"
2092,8,2,11,"08-02-11"
2093,8,2,12,"08-02-12"
2094,8,2,13,"08-02-13"
2095,8,2,14,"08-02-14"
2096,8,2,15,"08-02-15"
2097,8,3,0,"08-03-00"
2098,8,3,1,"08-03-01"
2099,8,3,2,"08-03-02"
2100,8,3,3,"08-03-03"
2101,8,3,4,"08-03-04"
2102,8,3,5,"08-03-05"
2103,8,3,6,"08-03-06"
2104,8,3,7,"08-03-07"
2105,8,3,8,"08-03-08"
2106,8,3,9,"08-03-09"
2107,8,3,10,"08-03-10"
2108,8,3,11,"08-03-11"
2109,8,3,12,"08-03-12"
2110,8,3,13,"08-03-13"
2111,8,3,14,"08-03-14"
2112,8,3,15,"08-03-15"
2113,8,4,0,"08-04-00"
2114,8,4,1,"08-04-01"
2115,8,4,2,"08-04-02"
2116,8,4,3,"08-04-03"
2117,8,4,4,"08-04-04"
2118,8,4,5,"08-04-05"
2119,8,4,6,"08-04-06"
2120,8,4,7,"08-04-07"
2121,8,4,8,"08-04-08"
2122,8,4,9,"08-04-09"
2123,8,4,10,"08-04-10"
2124,8,4,11,"08-04-11"
2125,8,4,12,"08-04-12"
2126,8,4,13,"08-04-13"
2127,8,4,14,"08-04-14"
2128,8,4,15,"08-04-15"
2129,8,5,0,"08-05-00"
2130,8,5,1,"08-05-01"
2131,8,5,2,"08-05-02"
2132,8,5,3,"08-05-03"
2133,8,5,4,"08-05-04"
2134,8,5,5,"08-05-05"
2135,8,5,6,"08-05-06"
2136,8,5,7,"08-05-07"
2137,8,5,8,"08-05-08"
2138,8,5,9,"08-05-09"
2139,8,5,10,"08-05-10"
2140,8,5,11,"08-05-11"
2141,8,5,12,"08-05-12"
2142,8,5,13,"08-05-13"
2143,8,5,14,"08-05-14"
2144,8,5,15,"08-05-15"
2145,8,6,0,"08-06-00"
2146,8,6,1,"08-06-01"
2147,8,6,2,"08-06-02"
2148,8,6,3,"08-06-03"
2149,8,6,4,"08-06-04"
2150,8,6,5,"08-06-05"
2151,8,6,6,"08-06-06"
2152,8,6,7,"08-06-07"
2153,8,6,8,"08-06-08"
2154,8,6,9,"08-06-09"
2155,8,6,10,"08-06-10"
2156,8,6,11,"08-06-11"
2157,8,6,12,"08-06-12"
2158,8,6,13,"08-06-13"
2159,8,6,14,"08-06-14"
2160,8,6,15,"08-06-15"
2161,8,7,0,"08-07-00"
2162,8,7,1,"08-07-01"
2163,8,7,2,"08-07-02"
2164,8,7,3,"08-07-03"
2165,8,7,4,"08-07-04"
2166,8,7,5,"08-07-05"
2167,8,7,6,"08-07-06"
2168,8,7,7,"08-07-07"
2169,8,7,8,"08-07-08"
2170,8,7,9,"08-07-09"
2171,8,7,10,"08-07-10"
2172,8,7,11,"08-07-11"
2173,8,7,12,"08-07-12"
2174,8,7,13,"08-07-13"
2175,8,7,14,"08-07-14"
2176,8,7,15,"08-07-15"
2177,8,8,0,"08-08-00"
2178,8,8,1,"08-08-01"
2179,8,8,2,"08-08-02"
2180,8,8,3,"08-08-03"
2181,8,8,4,"08-08-04"
2182,8,8,5,"08-08-05"
2183,8,8,6,"08-08-06"
2184,8,8,7,"08-08-07"
2185,8,8,8,"08-08-08"
2186,8,8,9,"08-08-09"
2187,8,8,10,"08-08-10"
2188,8,8,11,"08-08-11"
2189,8,8,12,"08-08-12"
2190,8,8,13,"08-08-13"
2191,8,8,14,"08-08-14"
2192,8,8,15,"08-08-15"
2193,8,9,0,"08-09-00"
2194,8,9,1,"08-09-01"
2195,8,9,2,"08-09-02"
2196,8,9,3,"08-09-03"
2197,8,9,4,"08-09-04"
2198,8,9,5,"08-09-05"
2199,8,9,6,"08-09-06"
2200,8,9,7,"08-09-07"
2201,8,9,8,"08-09-08"
2202,8,9,9,"08-09-09"
2203,8,9,10,"08-09-10"
2204,8,9,11,"08-09-11"
2205,8,9,12,"08-09-12"
2206,8,9,13,"08-09-13"
2207,8,9,14,"08-09-14"
2208,8,9,15,"08-09-15"
2209,8,10,0,"08-10-00"
2210,8,10,1,"08-10-01"
2211,8,10,2,"08-10-02"
2212,8,10,3,"08-10-03"
2213,8,10,4,"08-10-04"
2214,8,10,5,"08-10-05"
2215,8,10,6,"08-10-06"
2216,8,10,7,"08-10-07"
2217,8,10,8,"08-10-08"
2218,8,10,9,"08-10-09"
2219,8,10,10,"08-10-10"
2220,8,10,11,"08-10-11"
2221,8,10,12,"08-10-12"
2222,8,10,13,"08-10-13"
2223,8,10,14,"08-10-14"
2224,8,10,15,"08-10-15"
2225,8,11,0,"08-11-00"
2226,8,11,1,"08-11-01"
2227,8,11,2,"08-11-02"
2228,8,11,3,"08-11-03"
2229,8,11,4,"08-11-04"
2230,8,11,5,"08-11-05"
2231,8,11,6,"08-11-06"
2232,8,11,7,"08-11-07"
2233,8,11,8,"08-11-08"
2234,8,11,9,"08-11-09"
2235,8,11,10,"08-11-10"
2236,8,11,11,"08-11-11"
2237,8,11,12,"08-11-12"
2238,8,11,13,"08-11-13"
2239,8,11,14,"08-11-14"
2240,8,11,15,"08-11-15"
2241,8,12,0,"08-12-00"
2242,8,12,1,"08-12-01"
2243,8,12,2,"08-12-02"
2244,8,12,3,"08-12-03"
2245,8,12,4,"08-12-04"
2246,8,12,5,"08-12-05"
2247,8,12,6,"08-12-06"
2248,8,12,7,"08-12-07"
2249,8,12,8,"08-12-08"
2250,8,12,9,"08-12-09"
2251,8,12,10,"08-12-10"
2252,8,12,11,"08-12-11"
2253,8,12,12,"08-12-12"
2254,8,12,13,"08-12-13"
2255,8,12,14,"08-12-14"
2256,8,12,15,"08-12-15"
2257,8,13,0,"08-13-00"
2258,8,13,1,"08-13-01"
2259,8,13,2,"08-13-02"
2260,8,13,3,"08-13-03"
2261,8,13,4,"08-13-04"
2262,8,13,5,"08-13-05"
2263,8,13,6,"08-13-06"
2264,8,13,7,"08-13-07"
2265,8,13,8,"08-13-08"
2266,8,13,9,"08-13-09"
2267,8,13,10,"08-13-10"
2268,8,13,11,"08-13-11"
2269,8,13,12,"08-13-12"
2270,8,13,13,"08-13-13"
2271,8,13,14,"08-13-14"
2272,8,13,15,"08-13-15"
2273,8,14,0,"08-14-00"
2274,8,14,1,"08-14-01"
2275,8,14,2,"08-14-02"
2276,8,14,3,"08-14-03"
2277,8,14,4,"08-14-04"
2278,8,14,5,"08-14-05"
2279,8,14,6,"08-14-06"
2280,8,14,7,"08-14-07"
2281,8,14,8,"08-14-08"
2282,8,14,9,"08-14-09"
2283,8,14,10,"08-14-10"
2284,8,14,11,"08-14-11"
2285,8,14,12,"08-14-12"
2286,8,14,13,"08-14-13"
2287,8,14,14,"08-14-14"
2288,8,14,15,"08-14-15"
2289,8,15,0,"08-15-00"
2290,8,15,1,"08-15-01"
2291,8,15,2,"08-15-02"
2292,8,15,3,"08-15-03"
2293,8,15,4,"08-15-04"
2294,8,15,5,"08-15-05"
2295,8,15,6,"08-15-06"
2296,8,15,7,"08-15-07"
2297,8,15,8,"08-15-08"
2298,8,15,9,"08-15-09"
2299,8,15,10,"08-15-10"
2300,8,15,11,"08-15-11"
2301,8,15,12,"08-15-12"
2302,8,15,13,"08-15-13"
2303,8,15,14,"08-15-14"
2304,8,15,15,"08-15-15"
2305,9,0,0,"09-00-00"
2306,9,0,1,"09-00-01"
2307,9,0,2,"09-00-02"
2308,9,0,3,"09-00-03"
2309,9,0,4,"09-00-04"
2310,9,0,5,"09-00-05"
2311,9,0,6,"09-00-06"
2312,9,0,7,"09-00-07"
2313,9,0,8,"09-00-08"
2314,9,0,9,"09-00-09"
2315,9,0,10,"09-00-10"
2316,9,0,11,"09-00-11"
2317,9,0,12,"09-00-12"
2318,9,0,13,"09-00-13"
2319,9,0,14,"09-00-14"
2320,9,0,15,"09-00-15"
2321,9,1,0,"09-01-00"
2322,9,1,1,"09-01-01"
2323,9,1,2,"09-01-02"
2324,9,1,3,"09-01-03"
2325,9,1,4,"09-01-04"
2326,9,1,5,"09-01-05"
2327,9,1,6,"09-01-06"
2328,9,1,7,"09-01-07"
2329,9,1,8,"09-01-08"
2330,9,1,9,"09-01-09"
2331,9,1,10,"09-01-10"
2332,9,1,11,"09-01-11"
2333,9,1,12,"09-01-12"
2334,9,1,13,"09-01-13"
2335,9,1,14,"09-01-14"
2336,9,1,15,"09-01-15"
2337,9,2,0,"09-02-00"
2338,9,2,1,"09-02-01"
2339,9,2,2,"09-02-02"
2340,9,2,3,"09-02-03"
2341,9,2,4,"09-02-04"
2342,9,2,5,"09-02-05"
2343,9,2,6,"09-02-06"
2344,9,2,7,"09-02-07"
2345,9,2,8,"09-02-08"
2346,9,2,9,"09-02-09"
2347,9,2,10,"09-02-10"
2348,9,2,11,"09-02-11"
2349,9,2,12,"09-02-12"
2350,9,2,13,"09-02-13"
2351,9,2,14,"09-02-14"
2352,9,2,15,"09-02-15"
2353,9,3,0,"09-03-00"
2354,9,3,1,"09-03-01"
2355,9,3,2,"09-03-02"
2356,9,3,3,"09-03-03"
2357,9,3,4,"09-03-04"
2358,9,3,5,"09-03-05"
2359,9,3,6,"09-03-06"
2360,9,3,7,"09-03-07"
2361,9,3,8,"09-03-08"
2362,9,3,9,"09-03-09"
2363,9,3,10,"09-03-10"
2364,9,3,11,"09-03-11"
2365,9,3,12,"09-03-12"
2366,9,3,13,"09-03-13"
2367,9,3,14,"09-03-14"
2368,9,3,15,"09-03-15"
2369,9,4,0,"09-04-00"
2370,9,4,1,"09-04-01"
2371,9,4,2,"09-04-02"
2372,9,4,3,"09-04-03"
2373,9,4,4,"09-04-04"
2374,9,4,5,"09-04-05"
2375,9,4,6,"09-04-06"
2376,9,4,7,"09-04-07"
2377,9,4,8,"09-04-08"
2378,9,4,9,"09-04-09"
2379,9,4,10,"09-04-10"
2380,9,4,11,"09-04-11"
2381,9,4,12,"09-04-12"
2382,9,4,13,"09-04-13"
2383,9,4,14,"09-04-14"
2384,9,4,15,"09-04-15"
2385,9,5,0,"09-05-00"
2386,9,5,1,"09-05-01"
2387,9,5,2,"09-05-02"
2388,9,5,3,"09-05-03"
2389,9,5,4,"09-05-04"
2390,9,5,5,"09-05-05"
2391,9,5,6,"09-05-06"
2392,9,5,7,"09-05-07"
2393,9,5,8,"09-05-08"
2394,9,5,9,"09-05-09"
2395,9,5,10,"09-05-10"
2396,9,5,11,"09-05-11"
2397,9,5,12,"09-05-12"
2398,9,5,13,"09-05-13"
2399,9,5,14,"09-05-14"
2400,9,5,15,"09-05-15"
2401,9,6,0,"09-06-00"
2402,9,6,1,"09-06-01"
2403,9,6,2,"09-06-02"
2404,9,6,3,"09-06-03"
2405,9,6,4,"09-06-04"
2406,9,6,5,"09-06-05"
2407,9,6,6,"09-06-06"
2408,9,6,7,"09-06-07"
2409,9,6,8,"09-06-08"
2410,9,6,9,"09-06-09"
2411,9,6,10,"09-06-10"
2412,9,6,11,"09-06-11"
2413,9,6,12,"09-06-12"
2414,9,6,13,"09-06-13"
2415,9,6,14,"09-06-14"
2416,9,6,15,"09-06-15"
2417,9,7,0,"09-07-00"
2418,9,7,1,"09-07-01"
2419,9,7,2,"09-07-02"
2420,9,7,3,"09-07-03"
2421,9,7,4,"09-07-04"
2422,9,7,5,"09-07-05"
2423,9,7,6,"09-07-06"
2424,9,7,7,"09-07-07"
2425,9,7,8,"09-07-08"
2426,9,7,9,"09-07-09"
2427,9,7,10,"09-07-10"
2428,9,7,11,"09-07-11"
2429,9,7,12,"09-07-12"
2430,9,7,13,"09-07-13"
2431,9,7,14,"09-07-14"
2432,9,7,15,"09-07-15"
2433,9,8,0,"09-08-00"
2434,9,8,1,"09-08-01"
2435,9,8,2,"09-08-02"
2436,9,8,3,"09-08-03"
2437,9,8,4,"09-08-04"
2438,9,8,5,"09-08-05"
2439,9,8,6,"09-08-06"
2440,9,8,7,"09-08-07"
2441,9,8,8,"09-08-08"
2442,9,8,9,"09-08-09"
2443,9,8,10,"09-08-10"
2444,9,8,11,"09-08-11"
2445,9,8,12,"09-08-12"
2446,9,8,13,"09-08-13"
2447,9,8,14,"09-08-14"
2448,9,8,15,"09-08-15"
2449,9,9,0,"09-09-00"
2450,9,9,1,"09-09-01"
2451,9,9,2,"09-09-02"
2452,9,9,3,"09-09-03"
2453,9,9,4,"09-09-04"
2454,9,9,5,"09-09-05"
2455,9,9,6,"09-09-06"
2456,9,9,7,"09-09-07"
2457,9,9,8,"09-09-08"
2458,9,9,9,"09-09-09"
2459,9,9,10,"09-09-10"
2460,9,9,11,"09-09-11"
2461,9,9,12,"09-09-12"
2462,9,9,13,"09-09-13"
2463,9,9,14,"09-09-14"
2464,9,9,15,"09-09-15"
2465,9,10,0,"09-10-00"
2466,9,10,1,"09-10-01"
2467,9,10,2,"09-10-02"
2468,9,10,3,"09-10-03"
2469,9,10,4,"09-10-04"
2470,9,10,5,"09-10-05"
2471,9,10,6,"09-10-06"
2472,9,10,7,"09-10-07"
2473,9,10,8,"09-10-08"
2474,9,10,9,"09-10-09"
2475,9,10,10,"09-10-10"
2476,9,10,11,"09-10-11"
2477,9,10,12,"09-10-12"
2478,9,10,13,"09-10-13"
2479,9,10,14,"09-10-14"
2480,9,10,15,"09-10-15"
2481,9,11,0,"09-11-00"
2482,9,11,1,"09-11-01"
2483,9,11,2,"09-11-02"
2484,9,11,3,"09-11-03"
2485,9,11,4,"09-11-04"
2486,9,11,5,"09-11-05"
2487,9,11,6,"09-11-06"
2488,9,11,7,"09-11-07"
2489,9,11,8,"09-11-08"
2490,9,11,9,"09-11-09"
2491,9,11,10,"09-11-10"
2492,9,11,11,"09-11-11"
2493,9,11,12,"09-11-12"
2494,9,11,13,"09-11-13"
2495,9,11,14,"09-11-14"
2496,9,11,15,"09-11-15"
2497,9,12,0,"09-12-00"
2498,9,12,1,"09-12-01"
2499,9,12,2,"09-12-02"
2500,9,12,3,"09-12-03"
2501,9,12,4,"09-12-04"
2502,9,12,5,"09-12-05"
2503,9,12,6,"09-12-06"
2504,9,12,7,"09-12-07"
2505,9,12,8,"09-12-08"
2506,9,12,9,"09-12-09"
2507,9,12,10,"09-12-10"
2508,9,12,11,"09-12-11"
2509,9,12,12,"09-12-12"
2510,9,12,13,"09-12-13"
2511,9,12,14,"09-12-14"
2512,9,12,15,"09-12-15"
2513,9,13,0,"09-13-00"
2514,9,13,1,"09-13-01"
2515,9,13,2,"09-13-02"
2516,9,13,3,"09-13-03"
2517,9,13,4,"09-13-04"
2518,9,13,5,"09-13-05"
2519,9,13,6,"09-13-06"
2520,9,13,7,"09-13-07"
2521,9,13,8,"09-13-08"
2522,9,13,9,"09-13-09"
2523,9,13,10,"09-13-10"
2524,9,13,11,"09-13-11"
2525,9,13,12,"09-13-12"
2526,9,13,13,"09-13-13"
2527,9,13,14,"09-13-14"
2528,9,13,15,"09-13-15"
2529,9,14,0,"09-14-00"
2530,9,14,1,"09-14-01"
2531,9,14,2,"09-14-02"
2532,9,14,3,"09-14-03"
2533,9,14,4,"09-14-04"
2534,9,14,5,"09-14-05"
2535,9,14,6,"09-14-06"
2536,9,14,7,"09-14-07"
2537,9,14,8,"09-14-08"
2538,9,14,9,"09-14-09"
2539,9,14,10,"09-14-10"
2540,9,14,11,"09-14-11"
2541,9,14,12,"09-14-12"
2542,9,14,13,"09-14-13"
2543,9,14,14,"09-14-14"
2544,9,14,15,"09-14-15"
2545,9,15,0,"09-15-00"
2546,9,15,1,"09-15-01"
2547,9,15,2,"09-15-02"
2548,9,15,3,"09-15-03"
2549,9,15,4,"09-15-04"
2550,9,15,5,"09-15-05"
2551,9,15,6,"09-15-06"
2552,9,15,7,"09-15-07"
2553,9,15,8,"09-15-08"
2554,9,15,9,"09-15-09"
2555,9,15,10,"09-15-10"
2556,9,15,11,"09-15-11"
2557,9,15,12,"09-15-12"
2558,9,15,13,"09-15-13"
2559,9,15,14,"09-15-14"
2560,9,15,15,"09-15-15"
2561,10,0,0,"10-00-00"
2562,10,0,1,"10-00-01"
2563,10,0,2,"10-00-02"
2564,10,0,3,"10-00-03"
2565,10,0,4,"10-00-04"
2566,10,0,5,"10-00-05"
2567,10,0,6,"10-00-06"
2568,10,0,7,"10-00-07"
2569,10,0,8,"10-00-08"
2570,10,0,9,"10-00-09"
2571,10,0,10,"10-00-10"
2572,10,0,11,"10-00-11"
2573,10,0,12,"10-00-12"
2574,10,0,13,"10-00-13"
2575,10,0,14,"10-00-14"
2576,10,0,15,"10-00-15"
2577,10,1,0,"10-01-00"
2578,10,1,1,"10-01-01"
2579,10,1,2,"10-01-02"
2580,10,1,3,"10-01-03"
2581,10,1,4,"10-01-04"
2582,10,1,5,"10-01-05"
2583,10,1,6,"10-01-06"
2584,10,1,7,"10-01-07"
2585,10,1,8,"10-01-08"
2586,10,1,9,"10-01-09"
2587,10,1,10,"10-01-10"
2588,10,1,11,"10-01-11"
2589,10,1,12,"10-01-12"
2590,10,1,13,"10-01-13"
2591,10,1,14,"10-01-14"
2592,10,1,15,"10-01-15"
2593,10,2,0,"10-02-00"
2594,10,2,1,"10-02-01"
2595,10,2,2,"10-02-02"
2596,10,2,3,"10-02-03"
2597,10,2,4,"10-02-04"
2598,10,2,5,"10-02-05"
2599,10,2,6,"10-02-06"
2600,10,2,7,"10-02-07"
2601,10,2,8,"10-02-08"
2602,10,2,9,"10-02-09"
2603,10,2,10,"10-02-10"
2604,10,2,11,"10-02-11"
2605,10,2,12,"10-02-12"
2606,10,2,13,"10-02-13"
2607,10,2,14,"10-02-14"
2608,10,2,15,"10-02-15"
2609,10,3,0,"10-03-00"
2610,10,3,1,"10-03-01"
2611,10,3,2,"10-03-02"
2612,10,3,3,"10-03-03"
2613,10,3,4,"10-03-04"
2614,10,3,5,"10-03-05"
2615,10,3,6,"10-03-06"
2616,10,3,7,"10-03-07"
2617,10,3,8,"10-03-08"
2618,10,3,9,"10-03-09"
2619,10,3,10,"10-03-10"
2620,10,3,11,"10-03-11"
2621,10,3,12,"10-03-12"
2622,10,3,13,"10-03-13"
2623,10,3,14,"10-03-14"
2624,10,3,15,"10-03-15"
2625,10,4,0,"10-04-00"
2626,10,4,1,"10-04-01"
2627,10,4,2,"10-04-02"
2628,10,4,3,"10-04-03"
2629,10,4,4,"10-04-04"
2630,10,4,5,"10-04-05"
2631,10,4,6,"10-04-06"
2632,10,4,7,"10-04-07"
2633,10,4,8,"10-04-08"
2634,10,4,9,"10-04-09"
2635,10,4,10,"10-04-10"
2636,10,4,11,"10-04-11"
2637,10,4,12,"10-04-12"
2638,10,4,13,"10-04-13"
2639,10,4,14,"10-04-14"
2640,10,4,15,"10-04-15"
2641,10,5,0,"10-05-00"
2642,10,5,1,"10-05-01"
2643,10,5,2,"10-05-02"
2644,10,5,3,"10-05-03"
2645,10,5,4,"10-05-04"
2646,10,5,5,"10-05-05"
2647,10,5,6,"10-05-06"
2648,10,5,7,"10-05-07"
2649,10,5,8,"10-05-08"
2650,10,5,9,"10-05-09"
2651,10,5,10,"10-05-10"
2652,10,5,11,"10-05-11"
2653,10,5,12,"10-05-12"
2654,10,5,13,"10-05-13"
2655,10,5,14,"10-05-14"
2656,10,5,15,"10-05-15"
2657,10,6,0,"10-06-00"
2658,10,6,1,"10-06-01"
2659,10,6,2,"10-06-02"
2660,10,6,3,"10-06-03"
2661,10,6,4,"10-06-04"
2662,10,6,5,"10-06-05"
2663,10,6,6,"10-06-06"
2664,10,6,7,"10-06-07"
2665,10,6,8,"10-06-08"
2666,10,6,9,"10-06-09"
2667,10,6,10,"10-06-10"
2668,10,6,11,"10-06-11"
2669,10,6,12,"10-06-12"
2670,10,6,13,"10-06-13"
2671,10,6,14,"10-06-14"
2672,10,6,15,"10-06-15"
2673,10,7,0,"10-07-00"
2674,10,7,1,"10-07-01"
2675,10,7,2,"10-07-02"
2676,10,7,3,"10-07-03"
2677,10,7,4,"10-07-04"
2678,10,7,5,"10-07-05"
2679,10,7,6,"10-07-06"
2680,10,7,7,"10-07-07"
2681,10,7,8,"10-07-08"
2682,10,7,9,"10-07-09"
2683,10,7,10,"10-07-10"
2684,10,7,11,"10-07-11"
2685,10,7,12,"10-07-12"
2686,10,7,13,"10-07-13"
2687,10,7,14,"10-07-14"
2688,10,7,15,"10-07-15"
2689,10,8,0,"10-08-00"
2690,10,8,1,"10-08-01"
2691,10,8,2,"10-08-02"
2692,10,8,3,"10-08-03"
2693,10,8,4,"10-08-04"
2694,10,8,5,"10-08-05"
2695,10,8,6,"10-08-06"
2696,10,8,7,"10-08-07"
2697,10,8,8,"10-08-08"
2698,10,8,9,"10-08-09"
2699,10,8,10,"10-08-10"
2700,10,8,11,"10-08-11"
2701,10,8,12,"10-08-12"
2702,10,8,13,"10-08-13"
2703,10,8,14,"10-08-14"
2704,10,8,15,"10-08-15"
2705,10,9,0,"10-09-00"
2706,10,9,1,"10-09-01"
2707,10,9,2,"10-09-02"
2708,10,9,3,"10-09-03"
2709,10,9,4,"10-09-04"
2710,10,9,5,"10-09-05"
2711,10,9,6,"10-09-06"
2712,10,9,7,"10-09-07"
2713,10,9,8,"10-09-08"
2714,10,9,9,"10-09-09"
2715,10,9,10,"10-09-10"
2716,10,9,11,"10-09-11"
2717,10,9,12,"10-09-12"
2718,10,9,13,"10-09-13"
2719,10,9,14,"10-09-14"
2720,10,9,15,"10-09-15"
2721,10,10,0,"10-10-00"
2722,10,10,1,"10-10-01"
2723,10,10,2,"10-10-02"
2724,10,10,3,"10-10-03"
2725,10,10,4,"10-10-04"
2726,10,10,5,"10-10-05"
2727,10,10,6,"10-10-06"
2728,10,10,7,"10-10-07"
2729,10,10,8,"10-10-08"
2730,10,10,9,"10-10-09"
2731,10,10,10,"10-10-10"
2732,10,10,11,"10-10-11"
2733,10,10,12,"10-10-12"
2734,10,10,13,"10-10-13"
2735,10,10,14,"10-10-14"
2736,10,10,15,"10-10-15"
2737,10,11,0,"10-11-00"
2738,10,11,1,"10-11-01"
2739,10,11,2,"10-11-02"
2740,10,11,3,"10-11-03"
2741,10,11,4,"10-11-04"
2742,10,11,5,"10-11-05"
2743,10,11,6,"10-11-06"
2744,10,11,7,"10-11-07"
2745,10,11,8,"10-11-08"
2746,10,11,9,"10-11-09"
2747,10,11,10,"10-11-10"
2748,10,11,11,"10-11-11"
2749,10,11,12,"10-11-12"
2750,10,11,13,"10-11-13"
2751,10,11,14,"10-11-14"
2752,10,11,15,"10-11-15"
2753,10,12,0,"10-12-00"
2754,10,12,1,"10-12-01"
2755,10,12,2,"10-12-02"
2756,10,12,3,"10-12-03"
2757,10,12,4,"10-12-04"
2758,10,12,5,"10-12-05"
2759,10,12,6,"10-12-06"
2760,10,12,7,"10-12-07"
2761,10,12,8,"10-12-08"
2762,10,12,9,"10-12-09"
2763,10,12,10,"10-12-10"
2764,10,12,11,"10-12-11"
2765,10,12,12,"10-12-12"
2766,10,12,13,"10-12-13"
2767,10,12,14,"10-12-14"
2768,10,12,15,"10-12-15"
2769,10,13,0,"10-13-00"
2770,10,13,1,"10-13-01"
2771,10,13,2,"10-13-02"
2772,10,13,3,"10-13-03"
2773,10,13,4,"10-13-04"
2774,10,13,5,"10-13-05"
2775,10,13,6,"10-13-06"
2776,10,13,7,"10-13-07"
2777,10,13,8,"10-13-08"
2778,10,13,9,"10-13-09"
2779,10,13,10,"10-13-10"
2780,10,13,11,"10-13-11"
2781,10,13,12,"10-13-12"
2782,10,13,13,"10-13-13"
2783,10,13,14,"10-13-14"
2784,10,13,15,"10-13-15"
2785,10,14,0,"10-14-00"
2786,10,14,1,"10-14-01"
2787,10,14,2,"10-14-02"
2788,10,14,3,"10-14-03"
2789,10,14,4,"10-14-04"
2790,10,14,5,"10-14-05"
2791,10,14,6,"10-14-06"
2792,10,14,7,"10-14-07"
2793,10,14,8,"10-14-08"
2794,10,14,9,"10-14-09"
2795,10,14,10,"10-14-10"
2796,10,14,11,"10-14-11"
2797,10,14,12,"10-14-12"
2798,10,14,13,"10-14-13"
2799,10,14,14,"10-14-14"
2800,10,14,15,"10-14-15"
2801,10,15,0,"10-15-00"
2802,10,15,1,"10-15-01"
2803,10,15,2,"10-15-02"
2804,10,15,3,"10-15-03"
2805,10,15,4,"10-15-04"
2806,10,15,5,"10-15-05"
2807,10,15,6,"10-15-06"
2808,10,15,7,"10-15-07"
2809,10,15,8,"10-15-08"
2810,10,15,9,"10-15-09"
2811,10,15,10,"10-15-10"
2812,10,15,11,"10-15-11"
2813,10,15,12,"10-15-12"
2814,10,15,13,"10-15-13"
2815,10,15,14,"10-15-14"
2816,10,15,15,"10-15-15"
2817,11,0,0,"11-00-00"
2818,11,0,1,"11-00-01"
2819,11,0,2,"11-00-02"
2820,11,0,3,"11-00-03"
2821,11,0,4,"11-00-04"
2822,11,0,5,"11-00-05"
2823,11,0,6,"11-00-06"
2824,11,0,7,"11-00-07"
2825,11,0,8,"11-00-08"
2826,11,0,9,"11-00-09"
2827,11,0,10,"11-00-10"
2828,11,0,11,"11-00-11"
2829,11,0,12,"11-00-12"
2830,11,0,13,"11-00-13"
2831,11,0,14,"11-00-14"
2832,11,0,15,"11-00-15"
2833,11,1,0,"11-01-00"
2834,11,1,1,"11-01-01"
2835,11,1,2,"11-01-02"
2836,11,1,3,"11-01-03"
2837,11,1,4,"11-01-04"
2838,11,1,5,"11-01-05"
2839,11,1,6,"11-01-06"
2840,11,1,7,"11-01-07"
2841,11,1,8,"11-01-08"
2842,11,1,9,"11-01-09"
2843,11,1,10,"11-01-10"
2844,11,1,11,"11-01-11"
2845,11,1,12,"11-01-12"
2846,11,1,13,"11-01-13"
2847,11,1,14,"11-01-14"
2848,11,1,15,"11-01-15"
2849,11,2,0,"11-02-00"
2850,11,2,1,"11-02-01"
2851,11,2,2,"11-02-02"
2852,11,2,3,"11-02-03"
2853,11,2,4,"11-02-04"
2854,11,2,5,"11-02-05"
2855,11,2,6,"11-02-06"
2856,11,2,7,"11-02-07"
2857,11,2,8,"11-02-08"
2858,11,2,9,"11-02-09"
2859,11,2,10,"11-02-10"
2860,11,2,11,"11-02-11"
2861,11,2,12,"11-02-12"
2862,11,2,13,"11-02-13"
2863,11,2,14,"11-02-14"
2864,11,2,15,"11-02-15"
2865,11,3,0,"11-03-00"
2866,11,3,1,"11-03-01"
2867,11,3,2,"11-03-02"
2868,11,3,3,"11-03-03"
2869,11,3,4,"11-03-04"
2870,11,3,5,"11-03-05"
2871,11,3,6,"11-03-06"
2872,11,3,7,"11-03-07"
2873,11,3,8,"11-03-08"
2874,11,3,9,"11-03-09"
2875,11,3,10,"11-03-10"
2876,11,3,11,"11-03-11"
2877,11,3,12,"11-03-12"
2878,11,3,13,"11-03-13"
2879,11,3,14,"11-03-14"
2880,11,3,15,"11-03-15"
2881,11,4,0,"11-04-00"
2882,11,4,1,"11-04-01"
2883,11,4,2,"11-04-02"
2884,11,4,3,"11-04-03"
2885,11,4,4,"11-04-04"
2886,11,4,5,"11-04-05"
2887,11,4,6,"11-04-06"
2888,11,4,7,"11-04-07"
2889,11,4,8,"11-04-08"
2890,11,4,9,"11-04-09"
2891,11,4,10,"11-04-10"
2892,11,4,11,"11-04-11"
2893,11,4,12,"11-04-12"
2894,11,4,13,"11-04-13"
2895,11,4,14,"11-04-14"
2896,11,4,15,"11-04-15"
2897,11,5,0,"11-05-00"
2898,11,5,1,"11-05-01"
2899,11,5,2,"11-05-02"
2900,11,5,3,"11-05-03"
2901,11,5,4,"11-05-04"
2902,11,5,5,"11-05-05"
2903,11,5,6,"11-05-06"
2904,11,5,7,"11-05-07"
2905,11,5,8,"11-05-08"
2906,11,5,9,"11-05-09"
2907,11,5,10,"11-05-10"
2908,11,5,11,"11-05-11"
2909,11,5,12,"11-05-12"
2910,11,5,13,"11-05-13"
2911,11,5,14,"11-05-14"
2912,11,5,15,"11-05-15"
2913,11,6,0,"11-06-00"
2914,11,6,1,"11-06-01"
2915,11,6,2,"11-06-02"
2916,11,6,3,"11-06-03"
2917,11,6,4,"11-06-04"
2918,11,6,5,"11-06-05"
2919,11,6,6,"11-06-06"
2920,11,6,7,"11-06-07"
2921,11,6,8,"11-06-08"
2922,11,6,9,"11-06-09"
2923,11,6,10,"11-06-10"
2924,11,6,11,"11-06-11"
2925,11,6,12,"11-06-12"
2926,11,6,13,"11-06-13"
2927,11,6,14,"11-06-14"
2928,11,6,15,"11-06-15"
2929,11,7,0,"11-07-00"
2930,11,7,1,"11-07-01"
2931,11,7,2,"11-07-02"
2932,11,7,3,"11-07-03"
2933,11,7,4,"11-07-04"
2934,11,7,5,"11-07-05"
2935,11,7,6,"11-07-06"
2936,11,7,7,"11-07-07"
2937,11,7,8,"11-07-08"
2938,11,7,9,"11-07-09"
2939,11,7,10,"11-07-10"
2940,11,7,11,"11-07-11"
2941,11,7,12,"11-07-12"
2942,11,7,13,"11-07-13"
2943,11,7,14,"11-07-14"
2944,11,7,15,"11-07-15"
2945,11,8,0,"11-08-00"
2946,11,8,1,"11-08-01"
2947,11,8,2,"11-08-02"
2948,11,8,3,"11-08-03"
2949,11,8,4,"11-08-04"
2950,11,8,5,"11-08-05"
2951,11,8,6,"11-08-06"
2952,11,8,7,"11-08-07"
2953,11,8,8,"11-08-08"
2954,11,8,9,"11-08-09"
2955,11,8,10,"11-08-10"
2956,11,8,11,"11-08-11"
2957,11,8,12,"11-08-12"
2958,11,8,13,"11-08-13"
2959,11,8,14,"11-08-14"
2960,11,8,15,"11-08-15"
2961,11,9,0,"11-09-00"
2962,11,9,1,"11-09-01"
2963,11,9,2,"11-09-02"
2964,11,9,3,"11-09-03"
2965,11,9,4,"11-09-04"
2966,11,9,5,"11-09-05"
2967,11,9,6,"11-09-06"
2968,11,9,7,"11-09-07"
2969,11,9,8,"11-09-08"
2970,11,9,9,"11-09-09"
2971,11,9,10,"11-09-10"
2972,11,9,11,"11-09-11"
2973,11,9,12,"11-09-12"
2974,11,9,13,"11-09-13"
2975,11,9,14,"11-09-14"
2976,11,9,15,"11-09-15"
2977,11,10,0,"11-10-00"
2978,11,10,1,"11-10-01"
2979,11,10,2,"11-10-02"
2980,11,10,3,"11-10-03"
2981,11,10,4,"11-10-04"
2982,11,10,5,"11-10-05"
2983,11,10,6,"11-10-06"
2984,11,10,7,"11-10-07"
2985,11,10,8,"11-10-08"
2986,11,10,9,"11-10-09"
2987,11,10,10,"11-10-10"
2988,11,10,11,"11-10-11"
2989,11,10,12,"11-10-12"
2990,11,10,13,"11-10-13"
2991,11,10,14,"11-10-14"
2992,11,10,15,"11-10-15"
2993,11,11,0,"11-11-00"
2994,11,11,1,"11-11-01"
2995,11,11,2,"11-11-02"
2996,11,11,3,"11-11-03"
2997,11,11,4,"11-11-04"
2998,11,11,5,"11-11-05"
2999,11,11,6,"11-11-06"
3000,11,11,7,"11-11-07"
3001,11,11,8,"11-11-08"
3002,11,11,9,"11-11-09"
3003,11,11,10,"11-11-10"
3004,11,11,11,"11-11-11"
3005,11,11,12,"11-11-12"
3006,11,11,13,"11-11-13"
3007,11,11,14,"11-11-14"
3008,11,11,15,"11-11-15"
3009,11,12,0,"11-12-00"
3010,11,12,1,"11-12-01"
3011,11,12,2,"11-12-02"
3012,11,12,3,"11-12-03"
3013,11,12,4,"11-12-04"
3014,11,12,5,"11-12-05"
3015,11,12,6,"11-12-06"
3016,11,12,7,"11-12-07"
3017,11,12,8,"11-12-08"
3018,11,12,9,"11-12-09"
3019,11,12,10,"11-12-10"
3020,11,12,11,"11-12-11"
3021,11,12,12,"11-12-12"
3022,11,12,13,"11-12-13"
3023,11,12,14,"11-12-14"
3024,11,12,15,"11-12-15"
3025,11,13,0,"11-13-00"
3026,11,13,1,"11-13-01"
3027,11,13,2,"11-13-02"
3028,11,13,3,"11-13-03"
3029,11,13,4,"11-13-04"
3030,11,13,5,"11-13-05"
3031,11,13,6,"11-13-06"
3032,11,13,7,"11-13-07"
3033,11,13,8,"11-13-08"
3034,11,13,9,"11-13-09"
3035,11,13,10,"11-13-10"
3036,11,13,11,"11-13-11"
3037,11,13,12,"11-13-12"
3038,11,13,13,"11-13-13"
3039,11,13,14,"11-13-14"
3040,11,13,15,"11-13-15"
3041,11,14,0,"11-14-00"
3042,11,14,1,"11-14-01"
3043,11,14,2,"11-14-02"
3044,11,14,3,"11-14-03"
3045,11,14,4,"11-14-04"
3046,11,14,5,"11-14-05"
3047,11,14,6,"11-14-06"
3048,11,14,7,"11-14-07"
3049,11,14,8,"11-14-08"
3050,11,14,9,"11-14-09"
3051,11,14,10,"11-14-10"
3052,11,14,11,"11-14-11"
3053,11,14,12,"11-14-12"
3054,11,14,13,"11-14-13"
3055,11,14,14,"11-14-14"
3056,11,14,15,"11-14-15"
3057,11,15,0,"11-15-00"
3058,11,15,1,"11-15-01"
3059,11,15,2,"11-15-02"
3060,11,15,3,"11-15-03"
3061,11,15,4,"11-15-04"
3062,11,15,5,"11-15-05"
3063,11,15,6,"11-15-06"
3064,11,15,7,"11-15-07"
3065,11,15,8,"11-15-08"
3066,11,15,9,"11-15-09"
3067,11,15,10,"11-15-10"
3068,11,15,11,"11-15-11"
3069,11,15,12,"11-15-12"
3070,11,15,13,"11-15-13"
3071,11,15,14,"11-15-14"
3072,11,15,15,"11-15-15"
3073,12,0,0,"12-00-00"
3074,12,0,1,"12-00-01"
3075,12,0,2,"12-00-02"
3076,12,0,3,"12-00-03"
3077,12,0,4,"12-00-04"
3078,12,0,5,"12-00-05"
3079,12,0,6,"12-00-06"
3080,12,0,7,"12-00-07"
3081,12,0,8,"12-00-08"
3082,12,0,9,"12-00-09"
3083,12,0,10,"12-00-10"
3084,12,0,11,"12-00-11"
3085,12,0,12,"12-00-12"
3086,12,0,13,"12-00-13"
3087,12,0,14,"12-00-14"
3088,12,0,15,"12-00-15"
3089,12,1,0,"12-01-00"
3090,12,1,1,"12-01-01"
3091,12,1,2,"12-01-02"
3092,12,1,3,"12-01-03"
3093,12,1,4,"12-01-04"
3094,12,1,5,"12-01-05"
3095,12,1,6,"12-01-06"
3096,12,1,7,"12-01-07"
3097,12,1,8,"12-01-08"
3098,12,1,9,"12-01-09"
3099,12,1,10,"12-01-10"
3100,12,1,11,"12-01-11"
3101,12,1,12,"12-01-12"
3102,12,1,13,"12-01-13"
3103,12,1,14,"12-01-14"
3104,12,1,15,"12-01-15"
3105,12,2,0,"12-02-00"
3106,12,2,1,"12-02-01"
3107,12,2,2,"12-02-02"
3108,12,2,3,"12-02-03"
3109,12,2,4,"12-02-04"
3110,12,2,5,"12-02-05"
3111,12,2,6,"12-02-06"
3112,12,2,7,"12-02-07"
3113,12,2,8,"12-02-08"
3114,12,2,9,"12-02-09"
3115,12,2,10,"12-02-10"
3116,12,2,11,"12-02-11"
3117,12,2,12,"12-02-12"
3118,12,2,13,"12-02-13"
3119,12,2,14,"12-02-14"
3120,12,2,15,"12-02-15"
3121,12,3,0,"12-03-00"
3122,12,3,1,"12-03-01"
3123,12,3,2,"12-03-02"
3124,12,3,3,"12-03-03"
3125,12,3,4,"12-03-04"
3126,12,3,5,"12-03-05"
3127,12,3,6,"12-03-06"
3128,12,3,7,"12-03-07"
3129,12,3,8,"12-03-08"
3130,12,3,9,"12-03-09"
3131,12,3,10,"12-03-10"
3132,12,3,11,"12-03-11"
3133,12,3,12,"12-03-12"
3134,12,3,13,"12-03-13"
3135,12,3,14,"12-03-14"
3136,12,3,15,"12-03-15"
3137,12,4,0,"12-04-00"
3138,12,4,1,"12-04-01"
3139,12,4,2,"12-04-02"
3140,12,4,3,"12-04-03"
3141,12,4,4,"12-04-04"
3142,12,4,5,"12-04-05"
3143,12,4,6,"12-04-06"
3144,12,4,7,"12-04-07"
3145,12,4,8,"12-04-08"
3146,12,4,9,"12-04-09"
3147,12,4,10,"12-04-10"
3148,12,4,11,"12-04-11"
3149,12,4,12,"12-04-12"
3150,12,4,13,"12-04-13"
3151,12,4,14,"12-04-14"
3152,12,4,15,"12-04-15"
3153,12,5,0,"12-05-00"
3154,12,5,1,"12-05-01"
3155,12,5,2,"12-05-02"
3156,12,5,3,"12-05-03"
3157,12,5,4,"12-05-04"
3158,12,5,5,"12-05-05"
3159,12,5,6,"12-05-06"
3160,12,5,7,"12-05-07"
3161,12,5,8,"12-05-08"
3162,12,5,9,"12-05-09"
3163,12,5,10,"12-05-10"
3164,12,5,11,"12-05-11"
3165,12,5,12,"12-05-12"
3166,12,5,13,"12-05-13"
3167,12,5,14,"12-05-14"
3168,12,5,15,"12-05-15"
3169,12,6,0,"12-06-00"
3170,12,6,1,"12-06-01"
3171,12,6,2,"12-06-02"
3172,12,6,3,"12-06-03"
3173,12,6,4,"12-06-04"
3174,12,6,5,"12-06-05"
3175,12,6,6,"12-06-06"
3176,12,6,7,"12-06-07"
3177,12,6,8,"12-06-08"
3178,12,6,9,"12-06-09"
3179,12,6,10,"12-06-10"
3180,12,6,11,"12-06-11"
3181,12,6,12,"12-06-12"
3182,12,6,13,"12-06-13"
3183,12,6,14,"12-06-14"
3184,12,6,15,"12-06-15"
3185,12,7,0,"12-07-00"
3186,12,7,1,"12-07-01"
3187,12,7,2,"12-07-02"
3188,12,7,3,"12-07-03"
3189,12,7,4,"12-07-04"
3190,12,7,5,"12-07-05"
3191,12,7,6,"12-07-06"
3192,12,7,7,"12-07-07"
3193,12,7,8,"12-07-08"
3194,12,7,9,"12-07-09"
3195,12,7,10,"12-07-10"
3196,12,7,11,"12-07-11"
3197,12,7,12,"12-07-12"
3198,12,7,13,"12-07-13"
3199,12,7,14,"12-07-14"
3200,12,7,15,"12-07-15"
3201,12,8,0,"12-08-00"
3202,12,8,1,"12-08-01"
3203,12,8,2,"12-08-02"
3204,12,8,3,"12-08-03"
3205,12,8,4,"12-08-04"
3206,12,8,5,"12-08-05"
3207,12,8,6,"12-08-06"
3208,12,8,7,"12-08-07"
3209,12,8,8,"12-08-08"
3210,12,8,9,"12-08-09"
3211,12,8,10,"12-08-10"
3212,12,8,11,"12-08-11"
3213,12,8,12,"12-08-12"
3214,12,8,13,"12-08-13"
3215,12,8,14,"12-08-14"
3216,12,8,15,"12-08-15"
3217,12,9,0,"12-09-00"
3218,12,9,1,"12-09-01"
3219,12,9,2,"12-09-02"
3220,12,9,3,"12-09-03"
3221,12,9,4,"12-09-04"
3222,12,9,5,"12-09-05"
3223,12,9,6,"12-09-06"
3224,12,9,7,"12-09-07"
3225,12,9,8,"12-09-08"
3226,12,9,9,"12-09-09"
3227,12,9,10,"12-09-10"
3228,12,9,11,"12-09-11"
3229,12,9,12,"12-09-12"
3230,12,9,13,"12-09-13"
3231,12,9,14,"12-09-14"
3232,12,9,15,"12-09-15"
3233,12,10,0,"12-10-00"
3234,12,10,1,"12-10-01"
3235,12,10,2,"12-10-02"
3236,12,10,3,"12-10-03"
3237,12,10,4,"12-10-04"
3238,12,10,5,"12-10-05"
3239,12,10,6,"12-10-06"
3240,12,10,7,"12-10-07"
3241,12,10,8,"12-10-08"
3242,12,10,9,"12-10-09"
3243,12,10,10,"12-10-10"
3244,12,10,11,"12-10-11"
3245,12,10,12,"12-10-12"
3246,12,10,13,"12-10-13"
3247,12,10,14,"12-10-14"
3248,12,10,15,"12-10-15"
3249,12,11,0,"12-11-00"
3250,12,11,1,"12-11-01"
3251,12,11,2,"12-11-02"
3252,12,11,3,"12-11-03"
3253,12,11,4,"12-11-04"
3254,12,11,5,"12-11-05"
3255,12,11,6,"12-11-06"
3256,12,11,7,"12-11-07"
3257,12,11,8,"12-11-08"
3258,12,11,9,"12-11-09"
3259,12,11,10,"12-11-10"
3260,12,11,11,"12-11-11"
3261,12,11,12,"12-11-12"
3262,12,11,13,"12-11-13"
3263,12,11,14,"12-11-14"
3264,12,11,15,"12-11-15"
3265,12,12,0,"12-12-00"
3266,12,12,1,"12-12-01"
3267,12,12,2,"12-12-02"
3268,12,12,3,"12-12-03"
3269,12,12,4,"12-12-04"
3270,12,12,5,"12-12-05"
3271,12,12,6,"12-12-06"
3272,12,12,7,"12-12-07"
3273,12,12,8,"12-12-08"
3274,12,12,9,"12-12-09"
3275,12,12,10,"12-12-10"
3276,12,12,11,"12-12-11"
3277,12,12,12,"12-12-12"
3278,12,12,13,"12-12-13"
3279,12,12,14,"12-12-14"
3280,12,12,15,"12-12-15"
3281,12,13,0,"12-13-00"
3282,12,13,1,"12-13-01"
3283,12,13,2,"12-13-02"
3284,12,13,3,"12-13-03"
3285,12,13,4,"12-13-04"
3286,12,13,5,"12-13-05"
3287,12,13,6,"12-13-06"
3288,12,13,7,"12-13-07"
3289,12,13,8,"12-13-08"
3290,12,13,9,"12-13-09"
3291,12,13,10,"12-13-10"
3292,12,13,11,"12-13-11"
3293,12,13,12,"12-13-12"
3294,12,13,13,"12-13-13"
3295,12,13,14,"12-13-14"
3296,12,13,15,"12-13-15"
3297,12,14,0,"12-14-00"
3298,12,14,1,"12-14-01"
3299,12,14,2,"12-14-02"
3300,12,14,3,"12-14-03"
3301,12,14,4,"12-14-04"
3302,12,14,5,"12-14-05"
3303,12,14,6,"12-14-06"
3304,12,14,7,"12-14-07"
3305,12,14,8,"12-14-08"
3306,12,14,9,"12-14-09"
3307,12,14,10,"12-14-10"
3308,12,14,11,"12-14-11"
3309,12,14,12,"12-14-12"
3310,12,14,13,"12-14-13"
3311,12,14,14,"12-14-14"
3312,12,14,15,"12-14-15"
3313,12,15,0,"12-15-00"
3314,12,15,1,"12-15-01"
3315,12,15,2,"12-15-02"
3316,12,15,3,"12-15-03"
3317,12,15,4,"12-15-04"
3318,12,15,5,"12-15-05"
3319,12,15,6,"12-15-06"
3320,12,15,7,"12-15-07"
3321,12,15,8,"12-15-08"
3322,12,15,9,"12-15-09"
3323,12,15,10,"12-15-10"
3324,12,15,11,"12-15-11"
3325,12,15,12,"12-15-12"
3326,12,15,13,"12-15-13"
3327,12,15,14,"12-15-14"
3328,12,15,15,"12-15-15"
3329,13,0,0,"13-00-00"
3330,13,0,1,"13-00-01"
3331,13,0,2,"13-00-02"
3332,13,0,3,"13-00-03"
3333,13,0,4,"13-00-04"
3334,13,0,5,"13-00-05"
3335,13,0,6,"13-00-06"
3336,13,0,7,"13-00-07"
3337,13,0,8,"13-00-08"
3338,13,0,9,"13-00-09"
3339,13,0,10,"13-00-10"
3340,13,0,11,"13-00-11"
3341,13,0,12,"13-00-12"
3342,13,0,13,"13-00-13"
3343,13,0,14,"13-00-14"
3344,13,0,15,"13-00-15"
3345,13,1,0,"13-01-00"
3346,13,1,1,"13-01-01"
3347,13,1,2,"13-01-02"
3348,13,1,3,"13-01-03"
3349,13,1,4,"13-01-04"
3350,13,1,5,"13-01-05"
3351,13,1,6,"13-01-06"
3352,13,1,7,"13-01-07"
3353,13,1,8,"13-01-08"
3354,13,1,9,"13-01-09"
3355,13,1,10,"13-01-10"
3356,13,1,11,"13-01-11"
3357,13,1,12,"13-01-12"
3358,13,1,13,"13-01-13"
3359,13,1,14,"13-01-14"
3360,13,1,15,"13-01-15"
3361,13,2,0,"13-02-00"
3362,13,2,1,"13-02-01"
3363,13,2,2,"13-02-02"
3364,13,2,3,"13-02-03"
3365,13,2,4,"13-02-04"
3366,13,2,5,"13-02-05"
3367,13,2,6,"13-02-06"
3368,13,2,7,"13-02-07"
3369,13,2,8,"13-02-08"
3370,13,2,9,"13-02-09"
3371,13,2,10,"13-02-10"
3372,13,2,11,"13-02-11"
3373,13,2,12,"13-02-12"
3374,13,2,13,"13-02-13"
3375,13,2,14,"13-02-14"
3376,13,2,15,"13-02-15"
3377,13,3,0,"13-03-00"
3378,13,3,1,"13-03-01"
3379,13,3,2,"13-03-02"
3380,13,3,3,"13-03-03"
3381,13,3,4,"13-03-04"
3382,13,3,5,"13-03-05"
3383,13,3,6,"13-03-06"
3384,13,3,7,"13-03-07"
3385,13,3,8,"13-03-08"
3386,13,3,9,"13-03-09"
3387,13,3,10,"13-03-10"
3388,13,3,11,"13-03-11"
3389,13,3,12,"13-03-12"
3390,13,3,13,"13-03-13"
3391,13,3,14,"13-03-14"
3392,13,3,15,"13-03-15"
3393,13,4,0,"13-04-00"
3394,13,4,1,"13-04-01"
3395,13,4,2,"13-04-02"
3396,13,4,3,"13-04-03"
3397,13,4,4,"13-04-04"
3398,13,4,5,"13-04-05"
3399,13,4,6,"13-04-06"
3400,13,4,7,"13-04-07"
3401,13,4,8,"13-04-08"
3402,13,4,9,"13-04-09"
3403,13,4,10,"13-04-10"
3404,13,4,11,"13-04-11"
3405,13,4,12,"13-04-12"
3406,13,4,13,"13-04-13"
3407,13,4,14,"13-04-14"
3408,13,4,15,"13-04-15"
3409,13,5,0,"13-05-00"
3410,13,5,1,"13-05-01"
3411,13,5,2,"13-05-02"
3412,13,5,3,"13-05-03"
3413,13,5,4,"13-05-04"
3414,13,5,5,"13-05-05"
3415,13,5,6,"13-05-06"
3416,13,5,7,"13-05-07"
3417,13,5,8,"13-05-08"
3418,13,5,9,"13-05-09"
3419,13,5,10,"13-05-10"
3420,13,5,11,"13-05-11"
3421,13,5,12,"13-05-12"
3422,13,5,13,"13-05-13"
3423,13,5,14,"13-05-14"
3424,13,5,15,"13-05-15"
3425,13,6,0,"13-06-00"
3426,13,6,1,"13-06-01"
3427,13,6,2,"13-06-02"
3428,13,6,3,"13-06-03"
3429,13,6,4,"13-06-04"
3430,13,6,5,"13-06-05"
3431,13,6,6,"13-06-06"
3432,13,6,7,"13-06-07"
3433,13,6,8,"13-06-08"
3434,13,6,9,"13-06-09"
3435,13,6,10,"13-06-10"
3436,13,6,11,"13-06-11"
3437,13,6,12,"13-06-12"
3438,13,6,13,"13-06-13"
3439,13,6,14,"13-06-14"
3440,13,6,15,"13-06-15"
3441,13,7,0,"13-07-00"
3442,13,7,1,"13-07-01"
3443,13,7,2,"13-07-02"
3444,13,7,3,"13-07-03"
3445,13,7,4,"13-07-04"
3446,13,7,5,"13-07-05"
3447,13,7,6,"13-07-06"
3448,13,7,7,"13-07-07"
3449,13,7,8,"13-07-08"
3450,13,7,9,"13-07-09"
3451,13,7,10,"13-07-10"
3452,13,7,11,"13-07-11"
3453,13,7,12,"13-07-12"
3454,13,7,13,"13-07-13"
3455,13,7,14,"13-07-14"
3456,13,7,15,"13-07-15"
3457,13,8,0,"13-08-00"
3458,13,8,1,"13-08-01"
3459,13,8,2,"13-08-02"
3460,13,8,3,"13-08-03"
3461,13,8,4,"13-08-04"
3462,13,8,5,"13-08-05"
3463,13,8,6,"13-08-06"
3464,13,8,7,"13-08-07"
3465,13,8,8,"13-08-08"
3466,13,8,9,"13-08-09"
3467,13,8,10,"13-08-10"
3468,13,8,11,"13-08-11"
3469,13,8,12,"13-08-12"
3470,13,8,13,"13-08-13"
3471,13,8,14,"13-08-14"
3472,13,8,15,"13-08-15"
3473,13,9,0,"13-09-00"
3474,13,9,1,"13-09-01"
3475,13,9,2,"13-09-02"
3476,13,9,3,"13-09-03"
3477,13,9,4,"13-09-04"
3478,13,9,5,"13-09-05"
3479,13,9,6,"13-09-06"
3480,13,9,7,"13-09-07"
3481,13,9,8,"13-09-08"
3482,13,9,9,"13-09-09"
3483,13,9,10,"13-09-10"
3484,13,9,11,"13-09-11"
3485,13,9,12,"13-09-12"
3486,13,9,13,"13-09-13"
3487,13,9,14,"13-09-14"
3488,13,9,15,"13-09-15"
3489,13,10,0,"13-10-00"
3490,13,10,1,"13-10-01"
3491,13,10,2,"13-10-02"
3492,13,10,3,"13-10-03"
3493,13,10,4,"13-10-04"
3494,13,10,5,"13-10-05"
3495,13,10,6,"13-10-06"
3496,13,10,7,"13-10-07"
3497,13,10,8,"13-10-08"
3498,13,10,9,"13-10-09"
3499,13,10,10,"13-10-10"
3500,13,10,11,"13-10-11"
3501,13,10,12,"13-10-12"
3502,13,10,13,"13-10-13"
3503,13,10,14,"13-10-14"
3504,13,10,15,"13-10-15"
3505,13,11,0,"13-11-00"
3506,13,11,1,"13-11-01"
3507,13,11,2,"13-11-02"
3508,13,11,3,"13-11-03"
3509,13,11,4,"13-11-04"
3510,13,11,5,"13-11-05"
3511,13,11,6,"13-11-06"
3512,13,11,7,"13-11-07"
3513,13,11,8,"13-11-08"
3514,13,11,9,"13-11-09"
3515,13,11,10,"13-11-10"
3516,13,11,11,"13-11-11"
3517,13,11,12,"13-11-12"
3518,13,11,13,"13-11-13"
3519,13,11,14,"13-11-14"
3520,13,11,15,"13-11-15"
3521,13,12,0,"13-12-00"
3522,13,12,1,"13-12-01"
3523,13,12,2,"13-12-02"
3524,13,12,3,"13-12-03"
3525,13,12,4,"13-12-04"
3526,13,12,5,"13-12-05"
3527,13,12,6,"13-12-06"
3528,13,12,7,"13-12-07"
3529,13,12,8,"13-12-08"
3530,13,12,9,"13-12-09"
3531,13,12,10,"13-12-10"
3532,13,12,11,"13-12-11"
3533,13,12,12,"13-12-12"
3534,13,12,13,"13-12-13"
3535,13,12,14,"13-12-14"
3536,13,12,15,"13-12-15"
3537,13,13,0,"13-13-00"
3538,13,13,1,"13-13-01"
3539,13,13,2,"13-13-02"
3540,13,13,3,"13-13-03"
3541,13,13,4,"13-13-04"
3542,13,13,5,"13-13-05"
3543,13,13,6,"13-13-06"
3544,13,13,7,"13-13-07"
3545,13,13,8,"13-13-08"
3546,13,13,9,"13-13-09"
3547,13,13,10,"13-13-10"
3548,13,13,11,"13-13-11"
3549,13,13,12,"13-13-12"
3550,13,13,13,"13-13-13"
3551,13,13,14,"13-13-14"
3552,13,13,15,"13-13-15"
3553,13,14,0,"13-14-00"
3554,13,14,1,"13-14-01"
3555,13,14,2,"13-14-02"
3556,13,14,3,"13-14-03"
3557,13,14,4,"13-14-04"
3558,13,14,5,"13-14-05"
3559,13,14,6,"13-14-06"
3560,13,14,7,"13-14-07"
3561,13,14,8,"13-14-08"
3562,13,14,9,"13-14-09"
3563,13,14,10,"13-14-10"
3564,13,14,11,"13-14-11"
3565,13,14,12,"13-14-12"
3566,13,14,13,"13-14-13"
3567,13,14,14,"13-14-14"
3568,13,14,15,"13-14-15"
3569,13,15,0,"13-15-00"
3570,13,15,1,"13-15-01"
3571,13,15,2,"13-15-02"
3572,13,15,3,"13-15-03"
3573,13,15,4,"13-15-04"
3574,13,15,5,"13-15-05"
3575,13,15,6,"13-15-06"
3576,13,15,7,"13-15-07"
3577,13,15,8,"13-15-08"
3578,13,15,9,"13-15-09"
3579,13,15,10,"13-15-10"
3580,13,15,11,"13-15-11"
3581,13,15,12,"13-15-12"
3582,13,15,13,"13-15-13"
3583,13,15,14,"13-15-14"
3584,13,15,15,"13-15-15"
3585,14,0,0,"14-00-00"
3586,14,0,1,"14-00-01"
3587,14,0,2,"14-00-02"
3588,14,0,3,"14-00-03"
3589,14,0,4,"14-00-04"
3590,14,0,5,"14-00-05"
3591,14,0,6,"14-00-06"
3592,14,0,7,"14-00-07"
3593,14,0,8,"14-00-08"
3594,14,0,9,"14-00-09"
3595,14,0,10,"14-00-10"
3596,14,0,11,"14-00-11"
3597,14,0,12,"14-00-12"
3598,14,0,13,"14-00-13"
3599,14,0,14,"14-00-14"
3600,14,0,15,"14-00-15"
3601,14,1,0,"14-01-00"
3602,14,1,1,"14-01-01"
3603,14,1,2,"14-01-02"
3604,14,1,3,"14-01-03"
3605,14,1,4,"14-01-04"
3606,14,1,5,"14-01-05"
3607,14,1,6,"14-01-06"
3608,14,1,7,"14-01-07"
3609,14,1,8,"14-01-08"
3610,14,1,9,"14-01-09"
3611,14,1,10,"14-01-10"
3612,14,1,11,"14-01-11"
3613,14,1,12,"14-01-12"
3614,14,1,13,"14-01-13"
3615,14,1,14,"14-01-14"
3616,14,1,15,"14-01-15"
3617,14,2,0,"14-02-00"
3618,14,2,1,"14-02-01"
3619,14,2,2,"14-02-02"
3620,14,2,3,"14-02-03"
3621,14,2,4,"14-02-04"
3622,14,2,5,"14-02-05"
3623,14,2,6,"14-02-06"
3624,14,2,7,"14-02-07"
3625,14,2,8,"14-02-08"
3626,14,2,9,"14-02-09"
3627,14,2,10,"14-02-10"
3628,14,2,11,"14-02-11"
3629,14,2,12,"14-02-12"
3630,14,2,13,"14-02-13"
3631,14,2,14,"14-02-14"
3632,14,2,15,"14-02-15"
3633,14,3,0,"14-03-00"
3634,14,3,1,"14-03-01"
3635,14,3,2,"14-03-02"
3636,14,3,3,"14-03-03"
3637,14,3,4,"14-03-04"
3638,14,3,5,"14-03-05"
3639,14,3,6,"14-03-06"
3640,14,3,7,"14-03-07"
3641,14,3,8,"14-03-08"
3642,14,3,9,"14-03-09"
3643,14,3,10,"14-03-10"
3644,14,3,11,"14-03-11"
3645,14,3,12,"14-03-12"
3646,14,3,13,"14-03-13"
3647,14,3,14,"14-03-14"
3648,14,3,15,"14-03-15"
3649,14,4,0,"14-04-00"
3650,14,4,1,"14-04-01"
3651,14,4,2,"14-04-02"
3652,14,4,3,"14-04-03"
3653,14,4,4,"14-04-04"
3654,14,4,5,"14-04-05"
3655,14,4,6,"14-04-06"
3656,14,4,7,"14-04-07"
3657,14,4,8,"14-04-08"
3658,14,4,9,"14-04-09"
3659,14,4,10,"14-04-10"
3660,14,4,11,"14-04-11"
3661,14,4,12,"14-04-12"
3662,14,4,13,"14-04-13"
3663,14,4,14,"14-04-14"
3664,14,4,15,"14-04-15"
3665,14,5,0,"14-05-00"
3666,14,5,1,"14-05-01"
3667,14,5,2,"14-05-02"
3668,14,5,3,"14-05-03"
3669,14,5,4,"14-05-04"
3670,14,5,5,"14-05-05"
3671,14,5,6,"14-05-06"
3672,14,5,7,"14-05-07"
3673,14,5,8,"14-05-08"
3674,14,5,9,"14-05-09"
3675,14,5,10,"14-05-10"
3676,14,5,11,"14-05-11"
3677,14,5,12,"14-05-12"
3678,14,5,13,"14-05-13"
3679,14,5,14,"14-05-14"
3680,14,5,15,"14-05-15"
3681,14,6,0,"14-06-00"
3682,14,6,1,"14-06-01"
3683,14,6,2,"14-06-02"
3684,14,6,3,"14-06-03"
3685,14,6,4,"14-06-04"
3686,14,6,5,"14-06-05"
3687,14,6,6,"14-06-06"
3688,14,6,7,"14-06-07"
3689,14,6,8,"14-06-08"
3690,14,6,9,"14-06-09"
3691,14,6,10,"14-06-10"
3692,14,6,11,"14-06-11"
3693,14,6,12,"14-06-12"
3694,14,6,13,"14-06-13"
3695,14,6,14,"14-06-14"
3696,14,6,15,"14-06-15"
3697,14,7,0,"14-07-00"
3698,14,7,1,"14-07-01"
3699,14,7,2,"14-07-02"
3700,14,7,3,"14-07-03"
3701,14,7,4,"14-07-04"
3702,14,7,5,"14-07-05"
3703,14,7,6,"14-07-06"
3704,14,7,7,"14-07-07"
3705,14,7,8,"14-07-08"
3706,14,7,9,"14-07-09"
3707,14,7,10,"14-07-10"
3708,14,7,11,"14-07-11"
3709,14,7,12,"14-07-12"
3710,14,7,13,"14-07-13"
3711,14,7,14,"14-07-14"
3712,14,7,15,"14-07-15"
3713,14,8,0,"14-08-00"
3714,14,8,1,"14-08-01"
3715,14,8,2,"14-08-02"
3716,14,8,3,"14-08-03"
3717,14,8,4,"14-08-04"
3718,14,8,5,"14-08-05"
3719,14,8,6,"14-08-06"
3720,14,8,7,"14-08-07"
3721,14,8,8,"14-08-08"
3722,14,8,9,"14-08-09"
3723,14,8,10,"14-08-10"
3724,14,8,11,"14-08-11"
3725,14,8,12,"14-08-12"
3726,14,8,13,"14-08-13"
3727,14,8,14,"14-08-14"
3728,14,8,15,"14-08-15"
3729,14,9,0,"14-09-00"
3730,14,9,1,"14-09-01"
3731,14,9,2,"14-09-02"
3732,14,9,3,"14-09-03"
3733,14,9,4,"14-09-04"
3734,14,9,5,"14-09-05"
3735,14,9,6,"14-09-06"
3736,14,9,7,"14-09-07"
3737,14,9,8,"14-09-08"
3738,14,9,9,"14-09-09"
3739,14,9,10,"14-09-10"
3740,14,9,11,"14-09-11"
3741,14,9,12,"14-09-12"
3742,14,9,13,"14-09-13"
3743,14,9,14,"14-09-14"
3744,14,9,15,"14-09-15"
3745,14,10,0,"14-10-00"
3746,14,10,1,"14-10-01"
3747,14,10,2,"14-10-02"
3748,14,10,3,"14-10-03"
3749,14,10,4,"14-10-04"
3750,14,10,5,"14-10-05"
3751,14,10,6,"14-10-06"
3752,14,10,7,"14-10-07"
3753,14,10,8,"14-10-08"
3754,14,10,9,"14-10-09"
3755,14,10,10,"14-10-10"
3756,14,10,11,"14-10-11"
3757,14,10,12,"14-10-12"
3758,14,10,13,"14-10-13"
3759,14,10,14,"14-10-14"
3760,14,10,15,"14-10-15"
3761,14,11,0,"14-11-00"
3762,14,11,1,"14-11-01"
3763,14,11,2,"14-11-02"
3764,14,11,3,"14-11-03"
3765,14,11,4,"14-11-04"
3766,14,11,5,"14-11-05"
3767,14,11,6,"14-11-06"
3768,14,11,7,"14-11-07"
3769,14,11,8,"14-11-08"
3770,14,11,9,"14-11-09"
3771,14,11,10,"14-11-10"
3772,14,11,11,"14-11-11"
3773,14,11,12,"14-11-12"
3774,14,11,13,"14-11-13"
3775,14,11,14,"14-11-14"
3776,14,11,15,"14-11-15"
3777,14,12,0,"14-12-00"
3778,14,12,1,"14-12-01"
3779,14,12,2,"14-12-02"
3780,14,12,3,"14-12-03"
3781,14,12,4,"14-12-04"
3782,14,12,5,"14-12-05"
3783,14,12,6,"14-12-06"
3784,14,12,7,"14-12-07"
3785,14,12,8,"14-12-08"
3786,14,12,9,"14-12-09"
3787,14,12,10,"14-12-10"
3788,14,12,11,"14-12-11"
3789,14,12,12,"14-12-12"
3790,14,12,13,"14-12-13"
3791,14,12,14,"14-12-14"
3792,14,12,15,"14-12-15"
3793,14,13,0,"14-13-00"
3794,14,13,1,"14-13-01"
3795,14,13,2,"14-13-02"
3796,14,13,3,"14-13-03"
3797,14,13,4,"14-13-04"
3798,14,13,5,"14-13-05"
3799,14,13,6,"14-13-06"
3800,14,13,7,"14-13-07"
3801,14,13,8,"14-13-08"
3802,14,13,9,"14-13-09"
3803,14,13,10,"14-13-10"
3804,14,13,11,"14-13-11"
3805,14,13,12,"14-13-12"
3806,14,13,13,"14-13-13"
3807,14,13,14,"14-13-14"
3808,14,13,15,"14-13-15"
3809,14,14,0,"14-14-00"
3810,14,14,1,"14-14-01"
3811,14,14,2,"14-14-02"
3812,14,14,3,"14-14-03"
3813,14,14,4,"14-14-04"
3814,14,14,5,"14-14-05"
3815,14,14,6,"14-14-06"
3816,14,14,7,"14-14-07"
3817,14,14,8,"14-14-08"
3818,14,14,9,"14-14-09"
3819,14,14,10,"14-14-10"
3820,14,14,11,"14-14-11"
3821,14,14,12,"14-14-12"
3822,14,14,13,"14-14-13"
3823,14,14,14,"14-14-14"
3824,14,14,15,"14-14-15"
3825,14,15,0,"14-15-00"
3826,14,15,1,"14-15-01"
3827,14,15,2,"14-15-02"
3828,14,15,3,"14-15-03"
3829,14,15,4,"14-15-04"
3830,14,15,5,"14-15-05"
3831,14,15,6,"14-15-06"
3832,14,15,7,"14-15-07"
3833,14,15,8,"14-15-08"
3834,14,15,9,"14-15-09"
3835,14,15,10,"14-15-10"
3836,14,15,11,"14-15-11"
3837,14,15,12,"14-15-12"
3838,14,15,13,"14-15-13"
3839,14,15,14,"14-15-14"
3840,14,15,15,"14-15-15"
3841,15,0,0,"15-00-00"
3842,15,0,1,"15-00-01"
3843,15,0,2,"15-00-02"
3844,15,0,3,"15-00-03"
3845,15,0,4,"15-00-04"
3846,15,0,5,"15-00-05"
3847,15,0,6,"15-00-06"
3848,15,0,7,"15-00-07"
3849,15,0,8,"15-00-08"
3850,15,0,9,"15-00-09"
3851,15,0,10,"15-00-10"
3852,15,0,11,"15-00-11"
3853,15,0,12,"15-00-12"
3854,15,0,13,"15-00-13"
3855,15,0,14,"15-00-14"
3856,15,0,15,"15-00-15"
3857,15,1,0,"15-01-00"
3858,15,1,1,"15-01-01"
3859,15,1,2,"15-01-02"
3860,15,1,3,"15-01-03"
3861,15,1,4,"15-01-04"
3862,15,1,5,"15-01-05"
3863,15,1,6,"15-01-06"
3864,15,1,7,"15-01-07"
3865,15,1,8,"15-01-08"
3866,15,1,9,"15-01-09"
3867,15,1,10,"15-01-10"
3868,15,1,11,"15-01-11"
3869,15,1,12,"15-01-12"
3870,15,1,13,"15-01-13"
3871,15,1,14,"15-01-14"
3872,15,1,15,"15-01-15"
3873,15,2,0,"15-02-00"
3874,15,2,1,"15-02-01"
3875,15,2,2,"15-02-02"
3876,15,2,3,"15-02-03"
3877,15,2,4,"15-02-04"
3878,15,2,5,"15-02-05"
3879,15,2,6,"15-02-06"
3880,15,2,7,"15-02-07"
3881,15,2,8,"15-02-08"
3882,15,2,9,"15-02-09"
3883,15,2,10,"15-02-10"
3884,15,2,11,"15-02-11"
3885,15,2,12,"15-02-12"
3886,15,2,13,"15-02-13"
3887,15,2,14,"15-02-14"
3888,15,2,15,"15-02-15"
3889,15,3,0,"15-03-00"
3890,15,3,1,"15-03-01"
3891,15,3,2,"15-03-02"
3892,15,3,3,"15-03-03"
3893,15,3,4,"15-03-04"
3894,15,3,5,"15-03-05"
3895,15,3,6,"15-03-06"
3896,15,3,7,"15-03-07"
3897,15,3,8,"15-03-08"
3898,15,3,9,"15-03-09"
3899,15,3,10,"15-03-10"
3900,15,3,11,"15-03-11"
3901,15,3,12,"15-03-12"
3902,15,3,13,"15-03-13"
3903,15,3,14,"15-03-14"
3904,15,3,15,"15-03-15"
3905,15,4,0,"15-04-00"
3906,15,4,1,"15-04-01"
3907,15,4,2,"15-04-02"
3908,15,4,3,"15-04-03"
3909,15,4,4,"15-04-04"
3910,15,4,5,"15-04-05"
3911,15,4,6,"15-04-06"
3912,15,4,7,"15-04-07"
3913,15,4,8,"15-04-08"
3914,15,4,9,"15-04-09"
3915,15,4,10,"15-04-10"
3916,15,4,11,"15-04-11"
3917,15,4,12,"15-04-12"
3918,15,4,13,"15-04-13"
3919,15,4,14,"15-04-14"
3920,15,4,15,"15-04-15"
3921,15,5,0,"15-05-00"
3922,15,5,1,"15-05-01"
3923,15,5,2,"15-05-02"
3924,15,5,3,"15-05-03"
3925,15,5,4,"15-05-04"
3926,15,5,5,"15-05-05"
3927,15,5,6,"15-05-06"
3928,15,5,7,"15-05-07"
3929,15,5,8,"15-05-08"
3930,15,5,9,"15-05-09"
3931,15,5,10,"15-05-10"
3932,15,5,11,"15-05-11"
3933,15,5,12,"15-05-12"
3934,15,5,13,"15-05-13"
3935,15,5,14,"15-05-14"
3936,15,5,15,"15-05-15"
3937,15,6,0,"15-06-00"
3938,15,6,1,"15-06-01"
3939,15,6,2,"15-06-02"
3940,15,6,3,"15-06-03"
3941,15,6,4,"15-06-04"
3942,15,6,5,"15-06-05"
3943,15,6,6,"15-06-06"
3944,15,6,7,"15-06-07"
3945,15,6,8,"15-06-08"
3946,15,6,9,"15-06-09"
3947,15,6,10,"15-06-10"
3948,15,6,11,"15-06-11"
3949,15,6,12,"15-06-12"
3950,15,6,13,"15-06-13"
3951,15,6,14,"15-06-14"
3952,15,6,15,"15-06-15"
3953,15,7,0,"15-07-00"
3954,15,7,1,"15-07-01"
3955,15,7,2,"15-07-02"
3956,15,7,3,"15-07-03"
3957,15,7,4,"15-07-04"
3958,15,7,5,"15-07-05"
3959,15,7,6,"15-07-06"
3960,15,7,7,"15-07-07"
3961,15,7,8,"15-07-08"
3962,15,7,9,"15-07-09"
3963,15,7,10,"15-07-10"
3964,15,7,11,"15-07-11"
3965,15,7,12,"15-07-12"
3966,15,7,13,"15-07-13"
3967,15,7,14,"15-07-14"
3968,15,7,15,"15-07-15"
3969,15,8,0,"15-08-00"
3970,15,8,1,"15-08-01"
3971,15,8,2,"15-08-02"
3972,15,8,3,"15-08-03"
3973,15,8,4,"15-08-04"
3974,15,8,5,"15-08-05"
3975,15,8,6,"15-08-06"
3976,15,8,7,"15-08-07"
3977,15,8,8,"15-08-08"
3978,15,8,9,"15-08-09"
3979,15,8,10,"15-08-10"
3980,15,8,11,"15-08-11"
3981,15,8,12,"15-08-12"
3982,15,8,13,"15-08-13"
3983,15,8,14,"15-08-14"
3984,15,8,15,"15-08-15"
3985,15,9,0,"15-09-00"
3986,15,9,1,"15-09-01"
3987,15,9,2,"15-09-02"
3988,15,9,3,"15-09-03"
3989,15,9,4,"15-09-04"
3990,15,9,5,"15-09-05"
3991,15,9,6,"15-09-06"
3992,15,9,7,"15-09-07"
3993,15,9,8,"15-09-08"
3994,15,9,9,"15-09-09"
3995,15,9,10,"15-09-10"
3996,15,9,11,"15-09-11"
3997,15,9,12,"15-09-12"
3998,15,9,13,"15-09-13"
3999,15,9,14,"15-09-14"
4000,15,9,15,"15-09-15"
4001,15,10,0,"15-10-00"
4002,15,10,1,"15-10-01"
4003,15,10,2,"15-10-02"
4004,15,10,3,"15-10-03"
4005,15,10,4,"15-10-04"
4006,15,10,5,"15-10-05"
4007,15,10,6,"15-10-06"
4008,15,10,7,"15-10-07"
4009,15,10,8,"15-10-08"
4010,15,10,9,"15-10-09"
4011,15,10,10,"15-10-10"
4012,15,10,11,"15-10-11"
4013,15,10,12,"15-10-12"
4014,15,10,13,"15-10-13"
4015,15,10,14,"15-10-14"
4016,15,10,15,"15-10-15"
4017,15,11,0,"15-11-00"
4018,15,11,1,"15-11-01"
4019,15,11,2,"15-11-02"
4020,15,11,3,"15-11-03"
4021,15,11,4,"15-11-04"
4022,15,11,5,"15-11-05"
4023,15,11,6,"15-11-06"
4024,15,11,7,"15-11-07"
4025,15,11,8,"15-11-08"
4026,15,11,9,"15-11-09"
4027,15,11,10,"15-11-10"
4028,15,11,11,"15-11-11"
4029,15,11,12,"15-11-12"
4030,15,11,13,"15-11-13"
4031,15,11,14,"15-11-14"
4032,15,11,15,"15-11-15"
4033,15,12,0,"15-12-00"
4034,15,12,1,"15-12-01"
4035,15,12,2,"15-12-02"
4036,15,12,3,"15-12-03"
4037,15,12,4,"15-12-04"
4038,15,12,5,"15-12-05"
4039,15,12,6,"15-12-06"
4040,15,12,7,"15-12-07"
4041,15,12,8,"15-12-08"
4042,15,12,9,"15-12-09"
4043,15,12,10,"15-12-10"
4044,15,12,11,"15-12-11"
4045,15,12,12,"15-12-12"
4046,15,12,13,"15-12-13"
4047,15,12,14,"15-12-14"
4048,15,12,15,"15-12-15"
4049,15,13,0,"15-13-00"
4050,15,13,1,"15-13-01"
4051,15,13,2,"15-13-02"
4052,15,13,3,"15-13-03"
4053,15,13,4,"15-13-04"
4054,15,13,5,"15-13-05"
4055,15,13,6,"15-13-06"
4056,15,13,7,"15-13-07"
4057,15,13,8,"15-13-08"
4058,15,13,9,"15-13-09"
4059,15,13,10,"15-13-10"
4060,15,13,11,"15-13-11"
4061,15,13,12,"15-13-12"
4062,15,13,13,"15-13-13"
4063,15,13,14,"15-13-14"
4064,15,13,15,"15-13-15"
4065,15,14,0,"15-14-00"
4066,15,14,1,"15-14-01"
4067,15,14,2,"15-14-02"
4068,15,14,3,"15-14-03"
4069,15,14,4,"15-14-04"
4070,15,14,5,"15-14-05"
4071,15,14,6,"15-14-06"
4072,15,14,7,"15-14-07"
4073,15,14,8,"15-14-08"
4074,15,14,9,"15-14-09"
4075,15,14,10,"15-14-10"
4076,15,14,11,"15-14-11"
4077,15,14,12,"15-14-12"
4078,15,14,13,"15-14-13"
4079,15,14,14,"15-14-14"
4080,15,14,15,"15-14-15"
4081,15,15,0,"15-15-00"
4082,15,15,1,"15-15-01"
4083,15,15,2,"15-15-02"
4084,15,15,3,"15-15-03"
4085,15,15,4,"15-15-04"
4086,15,15,5,"15-15-05"
4087,15,15,6,"15-15-06"
4088,15,15,7,"15-15-07"
4089,15,15,8,"15-15-08"
4090,15,15,9,"15-15-09"
4091,15,15,10,"15-15-10"
4092,15,15,11,"15-15-11"
4093,15,15,12,"15-15-12"
4094,15,15,13,"15-15-13"
4095,15,15,14,"15-15-14"
4096,15,15,15,"15-15-15"
