pokemon_id,name,family_id,evolution_stage_id,branch,created_at,updated_at
1,Bulbasaur,1,2,1,7/5/2020 3:42,7/5/2020 3:42
2,Ivysaur,1,3,1,7/5/2020 3:42,7/5/2020 3:42
3,Venusaur,1,4,1,7/5/2020 3:42,7/5/2020 3:42
4,Charmander,2,2,1,7/5/2020 3:42,7/5/2020 3:42
5,Charmeleon,2,3,1,7/5/2020 3:42,7/5/2020 3:42
6,Charizard,2,4,1,7/5/2020 3:42,7/5/2020 3:42
7,Squirtle,3,2,1,7/5/2020 3:42,7/5/2020 3:42
8,Wartortle,3,3,1,7/5/2020 3:42,7/5/2020 3:42
9,Blastoise,3,4,1,7/5/2020 3:42,7/5/2020 3:42
10,Caterpie,4,2,1,7/5/2020 3:42,7/5/2020 3:42
11,Metapod,4,3,1,7/5/2020 3:42,7/5/2020 3:42
12,Butterfree,4,4,1,7/5/2020 3:42,7/5/2020 3:42
13,Weedle,5,2,1,7/5/2020 3:42,7/5/2020 3:42
14,Kakuna,5,3,1,7/5/2020 3:42,7/5/2020 3:42
15,Beedrill,5,4,1,7/5/2020 3:42,7/5/2020 3:42
16,Pidgey,6,2,1,7/5/2020 3:42,7/5/2020 3:42
17,Pidgeotto,6,3,1,7/5/2020 3:42,7/5/2020 3:42
18,Pidgeot,6,4,1,7/5/2020 3:42,7/5/2020 3:42
19,Rattata,7,2,1,7/5/2020 3:42,7/5/2020 3:42
20,Raticate,7,3,1,7/5/2020 3:42,7/5/2020 3:42
21,Spearow,8,2,1,7/5/2020 3:42,7/5/2020 3:42
22,Fearow,8,3,1,7/5/2020 3:42,7/5/2020 3:42
23,Ekans,9,2,1,7/5/2020 3:42,7/5/2020 3:42
24,Arbok,9,3,1,7/5/2020 3:42,7/5/2020 3:42
25,Pikachu,10,2,1,7/5/2020 3:42,7/5/2020 3:42
26,Raichu,10,3,1,7/5/2020 3:42,7/5/2020 3:42
27,Sandshrew,11,2,1,7/5/2020 3:42,7/5/2020 3:42
28,Sandslash,11,3,1,7/5/2020 3:42,7/5/2020 3:42
29,Nidoran♀,12,2,1,7/5/2020 3:42,7/5/2020 3:42
30,Nidorina,12,3,1,7/5/2020 3:42,7/5/2020 3:42
31,Nidoqueen,12,4,1,7/5/2020 3:42,7/5/2020 3:42
32,Nidoran♂,13,2,1,7/5/2020 3:42,7/5/2020 3:42
33,Nidorino,13,3,1,7/5/2020 3:42,7/5/2020 3:42
34,Nidoking,13,4,1,7/5/2020 3:42,7/5/2020 3:42
35,Clefairy,14,2,1,7/5/2020 3:42,7/5/2020 3:42
36,Clefable,14,3,1,7/5/2020 3:42,7/5/2020 3:42
37,Vulpix,15,2,1,7/5/2020 3:42,7/5/2020 3:42
38,Ninetales,15,3,1,7/5/2020 3:42,7/5/2020 3:42
39,Jigglypuff,16,2,1,7/5/2020 3:42,7/5/2020 3:42
40,Wigglytuff,16,3,1,7/5/2020 3:42,7/5/2020 3:42
41,Zubat,17,2,1,7/5/2020 3:42,7/5/2020 3:42
42,Golbat,17,3,1,7/5/2020 3:42,7/5/2020 3:42
43,Oddish,19,3,1,7/5/2020 3:42,7/5/2020 3:42
44,Gloom,19,3,1,7/5/2020 3:42,7/5/2020 3:42
45,Vileplume,19,4,1,7/5/2020 3:42,7/5/2020 3:42
46,Paras,20,2,1,7/5/2020 3:42,7/5/2020 3:42
47,Parasect,20,3,1,7/5/2020 3:42,7/5/2020 3:42
48,Venonat,21,2,1,7/5/2020 3:42,7/5/2020 3:42
49,Venomoth,21,3,1,7/5/2020 3:42,7/5/2020 3:42
50,Diglett,22,2,1,7/5/2020 3:42,7/5/2020 3:42
51,Dugtrio,22,3,1,7/5/2020 3:42,7/5/2020 3:42
52,Meowth,23,3,1,7/5/2020 3:42,7/5/2020 3:42
53,Persian,24,3,1,7/5/2020 3:42,7/5/2020 3:42
54,Psyduck,25,2,1,7/5/2020 3:42,7/5/2020 3:42
55,Golduck,25,3,1,7/5/2020 3:42,7/5/2020 3:42
56,Mankey,26,2,1,7/5/2020 3:42,7/5/2020 3:42
57,Primeape,26,3,1,7/5/2020 3:42,7/5/2020 3:42
58,Growlithe,27,2,1,7/5/2020 3:42,7/5/2020 3:42
59,Arcanine,27,3,1,7/5/2020 3:42,7/5/2020 3:42
60,Poliwag,28,3,1,7/5/2020 3:42,7/5/2020 3:42
61,Poliwhirl,29,3,1,7/5/2020 3:42,7/5/2020 3:42
62,Poliwrath,29,4,1,7/5/2020 3:42,7/5/2020 3:42
63,Abra,30,2,1,7/5/2020 3:42,7/5/2020 3:42
64,Kadabra,30,3,1,7/5/2020 3:42,7/5/2020 3:42
65,Alakazam,30,4,1,7/5/2020 3:42,7/5/2020 3:42
66,Machop,31,2,1,7/5/2020 3:42,7/5/2020 3:42
67,Machoke,31,3,1,7/5/2020 3:42,7/5/2020 3:42
68,Machamp,31,4,1,7/5/2020 3:42,7/5/2020 3:42
69,Bellsprout,32,2,1,7/5/2020 3:42,7/5/2020 3:42
70,Weepinbell,32,3,1,7/5/2020 3:42,7/5/2020 3:42
71,Victreebel,32,4,1,7/5/2020 3:42,7/5/2020 3:42
72,Tentacool,33,2,1,7/5/2020 3:42,7/5/2020 3:42
73,Tentacruel,33,3,1,7/5/2020 3:42,7/5/2020 3:42
74,Geodude,34,2,1,7/5/2020 3:42,7/5/2020 3:42
75,Graveler,34,3,1,7/5/2020 3:42,7/5/2020 3:42
76,Golem,34,4,1,7/5/2020 3:42,7/5/2020 3:42
77,Ponyta,35,2,1,7/5/2020 3:42,7/5/2020 3:42
78,Rapidash,35,3,1,7/5/2020 3:42,7/5/2020 3:42
79,Slowpoke,18,3,1,7/5/2020 3:42,7/5/2020 3:42
80,Slowbro,18,3,1,7/5/2020 3:42,7/5/2020 3:42
81,Magnemite,37,2,1,7/5/2020 3:42,7/5/2020 3:42
82,Magneton,37,3,1,7/5/2020 3:42,7/5/2020 3:42
83,Farfetch'd,38,2,1,7/5/2020 3:42,7/5/2020 3:42
84,Doduo,39,2,1,7/5/2020 3:42,7/5/2020 3:42
85,Dodrio,39,3,1,7/5/2020 3:42,7/5/2020 3:42
86,Seel,40,2,1,7/5/2020 3:42,7/5/2020 3:42
87,Dewgong,40,3,1,7/5/2020 3:42,7/5/2020 3:42
88,Grimer,41,2,1,7/5/2020 3:42,7/5/2020 3:42
89,Muk,41,3,1,7/5/2020 3:42,7/5/2020 3:42
90,Shellder,42,2,1,7/5/2020 3:42,7/5/2020 3:42
91,Cloyster,42,3,1,7/5/2020 3:42,7/5/2020 3:42
92,Gastly,43,2,1,7/5/2020 3:42,7/5/2020 3:42
93,Haunter,43,3,1,7/5/2020 3:42,7/5/2020 3:42
94,Gengar,43,4,1,7/5/2020 3:42,7/5/2020 3:42
95,Onix,44,2,1,7/5/2020 3:42,7/5/2020 3:42
96,Drowzee,45,2,1,7/5/2020 3:42,7/5/2020 3:42
97,Hypno,45,3,1,7/5/2020 3:42,7/5/2020 3:42
98,Krabby,23,2,1,7/5/2020 3:42,7/5/2020 3:42
99,Kingler,23,3,1,7/5/2020 3:42,7/5/2020 3:42
100,Voltorb,46,2,1,7/5/2020 3:42,7/5/2020 3:42
101,Electrode,46,3,1,7/5/2020 3:42,7/5/2020 3:42
102,Exeggcute,47,2,1,7/5/2020 3:42,7/5/2020 3:42
103,Exeggutor,47,3,1,7/5/2020 3:42,7/5/2020 3:42
104,Cubone,48,2,1,7/5/2020 3:42,7/5/2020 3:42
105,Marowak,48,3,1,7/5/2020 3:42,7/5/2020 3:42
106,Hitmonlee,49,2,1,7/5/2020 3:42,7/5/2020 3:42
107,Hitmonchan,49,2,2,7/5/2020 3:42,7/5/2020 3:42
108,Lickitung,50,2,1,7/5/2020 3:42,7/5/2020 3:42
109,Koffing,51,2,1,7/5/2020 3:42,7/5/2020 3:42
110,Weezing,51,3,1,7/5/2020 3:42,7/5/2020 3:42
111,Rhyhorn,52,2,1,7/5/2020 3:42,7/5/2020 3:42
112,Rhydon,52,3,1,7/5/2020 3:42,7/5/2020 3:42
113,Chansey,28,2,1,7/5/2020 3:42,7/5/2020 3:42
114,Tangela,53,2,1,7/5/2020 3:42,7/5/2020 3:42
115,Kangaskhan,54,2,1,7/5/2020 3:42,7/5/2020 3:42
116,Horsea,55,2,1,7/5/2020 3:42,7/5/2020 3:42
117,Seadra,55,3,1,7/5/2020 3:42,7/5/2020 3:42
118,Goldeen,56,2,1,7/5/2020 3:42,7/5/2020 3:42
119,Seaking,56,3,1,7/5/2020 3:42,7/5/2020 3:42
120,Staryu,57,2,1,7/5/2020 3:42,7/5/2020 3:42
121,Starmie,57,3,1,7/5/2020 3:42,7/5/2020 3:42
122,Mr. Mime,58,2,1,7/5/2020 3:42,7/5/2020 3:42
123,Scyther,59,2,1,7/5/2020 3:42,7/5/2020 3:42
124,Jynx,60,2,1,7/5/2020 3:42,7/5/2020 3:42
125,Electabuzz,61,2,1,7/5/2020 3:42,7/5/2020 3:42
126,Magmar,62,2,1,7/5/2020 3:42,7/5/2020 3:42
127,Pinsir,63,2,1,7/5/2020 3:42,7/5/2020 3:42
128,Tauros,64,2,1,7/5/2020 3:42,7/5/2020 3:42
129,Magikarp,65,2,1,7/5/2020 3:42,7/5/2020 3:42
130,Gyarados,65,3,1,7/5/2020 3:42,7/5/2020 3:42
131,Lapras,66,2,1,7/5/2020 3:42,7/5/2020 3:42
132,Ditto,67,2,1,7/5/2020 3:42,7/5/2020 3:42
133,Eevee,36,2,1,7/5/2020 3:42,7/5/2020 3:42
134,Vaporeon,36,3,1,7/5/2020 3:42,7/5/2020 3:42
135,Jolteon,36,3,2,7/5/2020 3:42,7/5/2020 3:42
136,Flareon,36,3,3,7/5/2020 3:42,7/5/2020 3:42
137,Porygon,68,2,1,7/5/2020 3:42,7/5/2020 3:42
138,Omanyte,69,2,1,7/5/2020 3:42,7/5/2020 3:42
139,Omastar,69,3,1,7/5/2020 3:42,7/5/2020 3:42
140,Kabuto,70,2,1,7/5/2020 3:42,7/5/2020 3:42
141,Kabutops,70,3,1,7/5/2020 3:42,7/5/2020 3:42
142,Aerodactyl,71,2,1,7/5/2020 3:42,7/5/2020 3:42
143,Snorlax,72,2,1,7/5/2020 3:42,7/5/2020 3:42
144,Articuno,73,2,1,7/5/2020 3:42,7/5/2020 3:42
145,Zapdos,74,2,1,7/5/2020 3:42,7/5/2020 3:42
146,Moltres,75,2,1,7/5/2020 3:42,7/5/2020 3:42
147,Dratini,76,2,1,7/5/2020 3:42,7/5/2020 3:42
148,Dragonair,76,3,1,7/5/2020 3:42,7/5/2020 3:42
149,Dragonite,76,4,1,7/5/2020 3:42,7/5/2020 3:42
150,Mewtwo,77,2,1,7/5/2020 3:42,7/5/2020 3:42
151,Mew,78,2,1,7/5/2020 3:42,7/5/2020 3:42
152,Chikorita,79,2,1,7/5/2020 3:42,7/5/2020 3:42
153,Bayleef,79,3,1,7/5/2020 3:42,7/5/2020 3:42
154,Meganium,79,4,1,7/5/2020 3:42,7/5/2020 3:42
155,Cyndaquil,80,2,1,7/5/2020 3:42,7/5/2020 3:42
156,Quilava,80,3,1,7/5/2020 3:42,7/5/2020 3:42
157,Typhlosion,80,4,1,7/5/2020 3:42,7/5/2020 3:42
158,Totodile,81,2,1,7/5/2020 3:42,7/5/2020 3:42
159,Croconaw,81,3,1,7/5/2020 3:42,7/5/2020 3:42
160,Feraligatr,81,4,1,7/5/2020 3:42,7/5/2020 3:42
161,Sentret,82,2,1,7/5/2020 3:42,7/5/2020 3:42
162,Furret,82,3,1,7/5/2020 3:42,7/5/2020 3:42
163,Hoothoot,83,2,1,7/5/2020 3:42,7/5/2020 3:42
164,Noctowl,83,3,1,7/5/2020 3:42,7/5/2020 3:42
165,Ledyba,84,2,1,7/5/2020 3:42,7/5/2020 3:42
166,Ledian,84,3,1,7/5/2020 3:42,7/5/2020 3:42
167,Spinarak,85,2,1,7/5/2020 3:42,7/5/2020 3:42
168,Ariados,85,3,1,7/5/2020 3:42,7/5/2020 3:42
169,Crobat,17,4,1,7/5/2020 3:42,7/5/2020 3:42
170,Chinchou,86,2,1,7/5/2020 3:42,7/5/2020 3:42
171,Lanturn,86,3,1,7/5/2020 3:42,7/5/2020 3:42
172,Pichu,10,1,1,7/5/2020 3:42,7/5/2020 3:42
173,Cleffa,14,1,1,7/5/2020 3:42,7/5/2020 3:42
174,Igglybuff,16,1,1,7/5/2020 3:42,7/5/2020 3:42
175,Togepi,87,1,1,7/5/2020 3:42,7/5/2020 3:42
176,Togetic,87,2,1,7/5/2020 3:42,7/5/2020 3:42
177,Natu,88,2,1,7/5/2020 3:42,7/5/2020 3:42
178,Xatu,88,3,1,7/5/2020 3:42,7/5/2020 3:42
179,Mareep,89,2,1,7/5/2020 3:42,7/5/2020 3:42
180,Flaaffy,89,3,1,7/5/2020 3:42,7/5/2020 3:42
181,Ampharos,89,4,1,7/5/2020 3:42,7/5/2020 3:42
182,Bellossom,19,4,2,7/5/2020 3:42,7/5/2020 3:42
183,Marill,90,2,1,7/5/2020 3:42,7/5/2020 3:42
184,Azumarill,90,3,1,7/5/2020 3:42,7/5/2020 3:42
185,Sudowoodo,91,2,1,7/5/2020 3:42,7/5/2020 3:42
186,Politoed,29,4,2,7/5/2020 3:42,7/5/2020 3:42
187,Hoppip,92,2,1,7/5/2020 3:42,7/5/2020 3:42
188,Skiploom,92,3,1,7/5/2020 3:42,7/5/2020 3:42
189,Jumpluff,92,4,1,7/5/2020 3:42,7/5/2020 3:42
190,Aipom,93,2,1,7/5/2020 3:42,7/5/2020 3:42
191,Sunkern,94,2,1,7/5/2020 3:42,7/5/2020 3:42
192,Sunflora,94,3,1,7/5/2020 3:42,7/5/2020 3:42
193,Yanma,95,2,1,7/5/2020 3:42,7/5/2020 3:42
194,Wooper,96,2,1,7/5/2020 3:42,7/5/2020 3:42
195,Quagsire,96,3,1,7/5/2020 3:42,7/5/2020 3:42
196,Espeon,36,3,4,7/5/2020 3:42,7/5/2020 3:42
197,Umbreon,36,3,5,7/5/2020 3:42,7/5/2020 3:42
198,Murkrow,97,2,1,7/5/2020 3:42,7/5/2020 3:42
199,Slowking,18,3,2,7/5/2020 3:42,7/5/2020 3:42
200,Misdreavus,98,2,1,7/5/2020 3:42,7/5/2020 3:42
201,Unown,99,2,1,7/5/2020 3:42,7/5/2020 3:42
202,Wobbuffet,100,2,1,7/5/2020 3:42,7/5/2020 3:42
203,Girafarig,101,2,1,7/5/2020 3:42,7/5/2020 3:42
204,Pineco,102,2,1,7/5/2020 3:42,7/5/2020 3:42
205,Forretress,102,3,1,7/5/2020 3:42,7/5/2020 3:42
206,Dunsparce,103,2,1,7/5/2020 3:42,7/5/2020 3:42
207,Gligar,104,2,1,7/5/2020 3:42,7/5/2020 3:42
208,Steelix,44,3,1,7/5/2020 3:42,7/5/2020 3:42
209,Snubbull,105,2,1,7/5/2020 3:42,7/5/2020 3:42
210,Granbull,105,3,1,7/5/2020 3:42,7/5/2020 3:42
211,Qwilfish,106,2,1,7/5/2020 3:42,7/5/2020 3:42
212,Scizor,59,3,1,7/5/2020 3:42,7/5/2020 3:42
213,Shuckle,107,2,1,7/5/2020 3:42,7/5/2020 3:42
214,Heracross,108,2,1,7/5/2020 3:42,7/5/2020 3:42
215,Sneasel,109,2,1,7/5/2020 3:42,7/5/2020 3:42
216,Teddiursa,110,2,1,7/5/2020 3:42,7/5/2020 3:42
217,Ursaring,110,3,1,7/5/2020 3:42,7/5/2020 3:42
218,Slugma,111,2,1,7/5/2020 3:42,7/5/2020 3:42
219,Magcargo,111,3,1,7/5/2020 3:42,7/5/2020 3:42
220,Swinub,112,2,1,7/5/2020 3:42,7/5/2020 3:42
221,Piloswine,112,3,1,7/5/2020 3:42,7/5/2020 3:42
222,Corsola,113,2,1,7/5/2020 3:42,7/5/2020 3:42
223,Remoraid,114,2,1,7/5/2020 3:42,7/5/2020 3:42
224,Octillery,114,3,1,7/5/2020 3:42,7/5/2020 3:42
225,Delibird,115,2,1,7/5/2020 3:42,7/5/2020 3:42
226,Mantine,116,2,1,7/5/2020 3:42,7/5/2020 3:42
227,Skarmory,117,2,1,7/5/2020 3:42,7/5/2020 3:42
228,Houndour,118,2,1,7/5/2020 3:42,7/5/2020 3:42
229,Houndoom,118,3,1,7/5/2020 3:42,7/5/2020 3:42
230,Kingdra,55,4,1,7/5/2020 3:42,7/5/2020 3:42
231,Phanpy,119,2,1,7/5/2020 3:42,7/5/2020 3:42
232,Donphan,119,3,1,7/5/2020 3:42,7/5/2020 3:42
233,Porygon2,68,3,1,7/5/2020 3:42,7/5/2020 3:42
234,Stantler,120,2,1,7/5/2020 3:42,7/5/2020 3:42
235,Smeargle,121,2,1,7/5/2020 3:42,7/5/2020 3:42
236,Tyrogue,122,1,1,7/5/2020 3:42,7/5/2020 3:42
237,Hitmontop,49,2,3,7/5/2020 3:42,7/5/2020 3:42
238,Smoochum,60,1,1,7/5/2020 3:42,7/5/2020 3:42
239,Elekid,61,1,1,7/5/2020 3:42,7/5/2020 3:42
240,Magby,62,1,1,7/5/2020 3:42,7/5/2020 3:42
241,Miltank,123,2,1,7/5/2020 3:42,7/5/2020 3:42
242,Blissey,28,3,1,7/5/2020 3:42,7/5/2020 3:42
243,Raikou,124,2,1,7/5/2020 3:42,7/5/2020 3:42
244,Entei,125,2,1,7/5/2020 3:42,7/5/2020 3:42
245,Suicune,126,2,1,7/5/2020 3:42,7/5/2020 3:42
246,Larvitar,127,2,1,7/5/2020 3:42,7/5/2020 3:42
247,Pupitar,127,3,1,7/5/2020 3:42,7/5/2020 3:42
248,Tyranitar,127,4,1,7/5/2020 3:42,7/5/2020 3:42
249,Lugia,128,2,1,7/5/2020 3:42,7/5/2020 3:42
250,Ho-Oh,129,2,1,7/5/2020 3:42,7/5/2020 3:42
251,Celebi,130,2,1,7/5/2020 3:42,7/5/2020 3:42
252,Treecko,131,2,1,7/5/2020 3:42,7/5/2020 3:42
253,Grovyle,131,3,1,7/5/2020 3:42,7/5/2020 3:42
254,Sceptile,131,4,1,7/5/2020 3:42,7/5/2020 3:42
255,Torchic,132,2,1,7/5/2020 3:42,7/5/2020 3:42
256,Combusken,132,3,1,7/5/2020 3:42,7/5/2020 3:42
257,Blaziken,132,4,1,7/5/2020 3:42,7/5/2020 3:42
258,Mudkip,133,2,1,7/5/2020 3:42,7/5/2020 3:42
259,Marshtomp,133,3,1,7/5/2020 3:42,7/5/2020 3:42
260,Swampert,133,4,1,7/5/2020 3:42,7/5/2020 3:42
261,Poochyena,134,2,1,7/5/2020 3:42,7/5/2020 3:42
262,Mightyena,134,3,1,7/5/2020 3:42,7/5/2020 3:42
263,Zigzagoon,135,2,1,7/5/2020 3:42,7/5/2020 3:42
264,Linoone,135,3,1,7/5/2020 3:42,7/5/2020 3:42
265,Wurmple,136,3,1,7/5/2020 3:42,7/5/2020 3:42
266,Silcoon,137,3,1,7/5/2020 3:42,7/5/2020 3:42
267,Beautifly,137,4,1,7/5/2020 3:42,7/5/2020 3:42
268,Cascoon,137,3,2,7/5/2020 3:42,7/5/2020 3:42
269,Dustox,137,4,2,7/5/2020 3:42,7/5/2020 3:42
270,Lotad,138,2,1,7/5/2020 3:42,7/5/2020 3:42
271,Lombre,138,3,1,7/5/2020 3:42,7/5/2020 3:42
272,Ludicolo,138,4,1,7/5/2020 3:42,7/5/2020 3:42
273,Seedot,139,2,1,7/5/2020 3:42,7/5/2020 3:42
274,Nuzleaf,139,3,1,7/5/2020 3:42,7/5/2020 3:42
275,Shiftry,139,4,1,7/5/2020 3:42,7/5/2020 3:42
276,Taillow,140,2,1,7/5/2020 3:42,7/5/2020 3:42
277,Swellow,140,3,1,7/5/2020 3:42,7/5/2020 3:42
278,Wingull,141,2,1,7/5/2020 3:42,7/5/2020 3:42
279,Pelipper,141,3,1,7/5/2020 3:42,7/5/2020 3:42
280,Ralts,142,3,1,7/5/2020 3:42,7/5/2020 3:42
281,Kirlia,143,3,1,7/5/2020 3:42,7/5/2020 3:42
282,Gardevoir,143,4,1,7/5/2020 3:42,7/5/2020 3:42
283,Surskit,122,2,1,7/5/2020 3:42,7/5/2020 3:42
284,Masquerain,122,3,1,7/5/2020 3:42,7/5/2020 3:42
285,Shroomish,144,2,1,7/5/2020 3:42,7/5/2020 3:42
286,Breloom,144,3,1,7/5/2020 3:42,7/5/2020 3:42
287,Slakoth,145,2,1,7/5/2020 3:42,7/5/2020 3:42
288,Vigoroth,145,3,1,7/5/2020 3:42,7/5/2020 3:42
289,Slaking,145,4,1,7/5/2020 3:42,7/5/2020 3:42
290,Nincada,147,3,1,7/5/2020 3:42,7/5/2020 3:42
291,Ninjask,147,3,1,7/5/2020 3:42,7/5/2020 3:42
292,Shedinja,147,3,2,7/5/2020 3:42,7/5/2020 3:42
293,Whismur,148,2,1,7/5/2020 3:42,7/5/2020 3:42
294,Loudred,148,3,1,7/5/2020 3:42,7/5/2020 3:42
295,Exploud,148,4,1,7/5/2020 3:42,7/5/2020 3:42
296,Makuhita,149,2,1,7/5/2020 3:42,7/5/2020 3:42
297,Hariyama,149,3,1,7/5/2020 3:42,7/5/2020 3:42
298,Azurill,90,1,1,7/5/2020 3:42,7/5/2020 3:42
299,Nosepass,150,2,1,7/5/2020 3:42,7/5/2020 3:42
300,Skitty,151,2,1,7/5/2020 3:42,7/5/2020 3:42
301,Delcatty,151,3,1,7/5/2020 3:42,7/5/2020 3:42
302,Sableye,152,2,1,7/5/2020 3:42,7/5/2020 3:42
303,Mawile,153,2,1,7/5/2020 3:42,7/5/2020 3:42
304,Aron,154,2,1,7/5/2020 3:42,7/5/2020 3:42
305,Lairon,154,3,1,7/5/2020 3:42,7/5/2020 3:42
306,Aggron,154,4,1,7/5/2020 3:42,7/5/2020 3:42
307,Meditite,155,2,1,7/5/2020 3:42,7/5/2020 3:42
308,Medicham,155,3,1,7/5/2020 3:42,7/5/2020 3:42
309,Electrike,156,2,1,7/5/2020 3:42,7/5/2020 3:42
310,Manectric,156,3,1,7/5/2020 3:42,7/5/2020 3:42
311,Plusle,157,2,1,7/5/2020 3:42,7/5/2020 3:42
312,Minun,158,2,1,7/5/2020 3:42,7/5/2020 3:42
313,Volbeat,159,2,1,7/5/2020 3:42,7/5/2020 3:42
314,Illumise,160,2,1,7/5/2020 3:42,7/5/2020 3:42
315,Roselia,161,2,1,7/5/2020 3:42,7/5/2020 3:42
316,Gulpin,162,2,1,7/5/2020 3:42,7/5/2020 3:42
317,Swalot,162,3,1,7/5/2020 3:42,7/5/2020 3:42
318,Carvanha,163,2,1,7/5/2020 3:42,7/5/2020 3:42
319,Sharpedo,163,3,1,7/5/2020 3:42,7/5/2020 3:42
320,Wailmer,164,2,1,7/5/2020 3:42,7/5/2020 3:42
321,Wailord,164,3,1,7/5/2020 3:42,7/5/2020 3:42
322,Numel,165,2,1,7/5/2020 3:42,7/5/2020 3:42
323,Camerupt,165,3,1,7/5/2020 3:42,7/5/2020 3:42
324,Torkoal,166,2,1,7/5/2020 3:42,7/5/2020 3:42
325,Spoink,167,2,1,7/5/2020 3:42,7/5/2020 3:42
326,Grumpig,167,3,1,7/5/2020 3:42,7/5/2020 3:42
327,Spinda,168,2,1,7/5/2020 3:42,7/5/2020 3:42
328,Trapinch,169,2,1,7/5/2020 3:42,7/5/2020 3:42
329,Vibrava,169,3,1,7/5/2020 3:42,7/5/2020 3:42
330,Flygon,169,4,1,7/5/2020 3:42,7/5/2020 3:42
331,Cacnea,170,2,1,7/5/2020 3:42,7/5/2020 3:42
332,Cacturne,170,3,1,7/5/2020 3:42,7/5/2020 3:42
333,Swablu,171,2,1,7/5/2020 3:42,7/5/2020 3:42
334,Altaria,171,3,1,7/5/2020 3:42,7/5/2020 3:42
335,Zangoose,172,2,1,7/5/2020 3:42,7/5/2020 3:42
336,Seviper,173,2,1,7/5/2020 3:42,7/5/2020 3:42
337,Lunatone,174,2,1,7/5/2020 3:42,7/5/2020 3:42
338,Solrock,175,2,1,7/5/2020 3:42,7/5/2020 3:42
339,Barboach,176,2,1,7/5/2020 3:42,7/5/2020 3:42
340,Whiscash,176,3,1,7/5/2020 3:42,7/5/2020 3:42
341,Corphish,177,2,1,7/5/2020 3:42,7/5/2020 3:42
342,Crawdaunt,177,3,1,7/5/2020 3:42,7/5/2020 3:42
343,Baltoy,178,2,1,7/5/2020 3:42,7/5/2020 3:42
344,Claydol,178,3,1,7/5/2020 3:42,7/5/2020 3:42
345,Lileep,179,2,1,7/5/2020 3:42,7/5/2020 3:42
346,Cradily,179,3,1,7/5/2020 3:42,7/5/2020 3:42
347,Anorith,180,2,1,7/5/2020 3:42,7/5/2020 3:42
348,Armaldo,180,3,1,7/5/2020 3:42,7/5/2020 3:42
349,Feebas,181,2,1,7/5/2020 3:42,7/5/2020 3:42
350,Milotic,181,3,1,7/5/2020 3:42,7/5/2020 3:42
351,Castform,182,2,1,7/5/2020 3:42,7/5/2020 3:42
352,Kecleon,183,2,1,7/5/2020 3:42,7/5/2020 3:42
353,Shuppet,184,2,1,7/5/2020 3:42,7/5/2020 3:42
354,Banette,184,3,1,7/5/2020 3:42,7/5/2020 3:42
355,Duskull,186,2,1,7/5/2020 3:42,7/5/2020 3:42
356,Dusclops,186,3,1,7/5/2020 3:42,7/5/2020 3:42
357,Tropius,188,2,1,7/5/2020 3:42,7/5/2020 3:42
358,Chimecho,189,2,1,7/5/2020 3:42,7/5/2020 3:42
359,Absol,190,2,1,7/5/2020 3:42,7/5/2020 3:42
360,Wynaut,100,1,1,7/5/2020 3:42,7/5/2020 3:42
361,Snorunt,192,2,1,7/5/2020 3:42,7/5/2020 3:42
362,Glalie,192,3,1,7/5/2020 3:42,7/5/2020 3:42
363,Spheal,194,2,2,7/5/2020 3:42,7/5/2020 3:42
364,Sealeo,194,3,1,7/5/2020 3:42,7/5/2020 3:42
365,Walrein,194,4,1,7/5/2020 3:42,7/5/2020 3:42
366,Clamperl,197,2,1,7/5/2020 3:42,7/5/2020 3:42
367,Huntail,197,3,1,7/5/2020 3:42,7/5/2020 3:42
368,Gorebyss,197,3,2,7/5/2020 3:42,7/5/2020 3:42
369,Relicanth,200,2,1,7/5/2020 3:42,7/5/2020 3:42
370,Luvdisc,201,2,1,7/5/2020 3:42,7/5/2020 3:42
371,Bagon,202,2,1,7/5/2020 3:42,7/5/2020 3:42
372,Shelgon,202,3,1,7/5/2020 3:42,7/5/2020 3:42
373,Salamence,202,4,1,7/5/2020 3:42,7/5/2020 3:42
374,Beldum,205,2,1,7/5/2020 3:42,7/5/2020 3:42
375,Metang,205,3,1,7/5/2020 3:42,7/5/2020 3:42
376,Metagross,205,4,1,7/5/2020 3:42,7/5/2020 3:42
377,Regirock,208,2,1,7/5/2020 3:42,7/5/2020 3:42
378,Regice,209,2,1,7/5/2020 3:42,7/5/2020 3:42
379,Registeel,210,2,1,7/5/2020 3:42,7/5/2020 3:42
380,Latias,211,2,1,7/5/2020 3:42,7/5/2020 3:42
381,Latios,212,2,1,7/5/2020 3:42,7/5/2020 3:42
382,Kyogre,213,2,1,7/5/2020 3:42,7/5/2020 3:42
383,Groudon,214,2,1,7/5/2020 3:42,7/5/2020 3:42
384,Rayquaza,215,2,1,7/5/2020 3:42,7/5/2020 3:42
385,Jirachi,216,2,1,7/5/2020 3:42,7/5/2020 3:42
386,Deoxys,217,2,1,7/5/2020 3:42,7/5/2020 3:42
387,Turtwig,218,2,1,7/5/2020 3:42,7/5/2020 3:42
388,Grotle,218,3,1,7/5/2020 3:42,7/5/2020 3:42
389,Torterra,218,4,1,7/5/2020 3:42,7/5/2020 3:42
390,Chimchar,219,2,1,7/5/2020 3:42,7/5/2020 3:42
391,Monferno,219,3,1,7/5/2020 3:42,7/5/2020 3:42
392,Infernape,219,4,1,7/5/2020 3:42,7/5/2020 3:42
393,Piplup,220,2,1,7/5/2020 3:42,7/5/2020 3:42
394,Prinplup,220,3,1,7/5/2020 3:42,7/5/2020 3:42
395,Empoleon,220,4,1,7/5/2020 3:42,7/5/2020 3:42
396,Starly,221,2,1,7/5/2020 3:42,7/5/2020 3:42
397,Staravia,221,3,1,7/5/2020 3:42,7/5/2020 3:42
398,Staraptor,221,4,1,7/5/2020 3:42,7/5/2020 3:42
399,Bidoof,222,2,1,7/5/2020 3:42,7/5/2020 3:42
400,Bibarel,222,3,1,7/5/2020 3:42,7/5/2020 3:42
401,Kricketot,223,2,1,7/5/2020 3:42,7/5/2020 3:42
402,Kricketune,223,3,1,7/5/2020 3:42,7/5/2020 3:42
403,Shinx,224,2,1,7/5/2020 3:42,7/5/2020 3:42
404,Luxio,224,3,1,7/5/2020 3:42,7/5/2020 3:42
405,Luxray,224,4,1,7/5/2020 3:42,7/5/2020 3:42
406,Budew,161,1,1,7/5/2020 3:42,7/5/2020 3:42
407,Roserade,161,3,1,7/5/2020 3:42,7/5/2020 3:42
408,Cranidos,225,2,1,7/5/2020 3:42,7/5/2020 3:42
409,Rampardos,225,3,1,7/5/2020 3:42,7/5/2020 3:42
410,Shieldon,226,2,1,7/5/2020 3:42,7/5/2020 3:42
411,Bastiodon,226,3,1,7/5/2020 3:42,7/5/2020 3:42
412,Burmy,227,3,1,7/5/2020 3:42,7/5/2020 3:42
413,Wormadam,228,3,1,7/5/2020 3:42,7/5/2020 3:42
414,Mothim,228,3,1,7/5/2020 3:42,7/5/2020 3:42
415,Combee,229,2,1,7/5/2020 3:42,7/5/2020 3:42
416,Vespiquen,229,3,1,7/5/2020 3:42,7/5/2020 3:42
417,Pachirisu,230,2,1,7/5/2020 3:42,7/5/2020 3:42
418,Buizel,231,2,1,7/5/2020 3:42,7/5/2020 3:42
419,Floatzel,231,3,1,7/5/2020 3:42,7/5/2020 3:42
420,Cherubi,232,2,1,7/5/2020 3:42,7/5/2020 3:42
421,Cherrim,232,3,1,7/5/2020 3:42,7/5/2020 3:42
422,Shellos,233,2,1,7/5/2020 3:42,7/5/2020 3:42
423,Gastrodon,233,3,1,7/5/2020 3:42,7/5/2020 3:42
424,Ambipom,93,3,1,7/5/2020 3:42,7/5/2020 3:42
425,Drifloon,234,2,1,7/5/2020 3:42,7/5/2020 3:42
426,Drifblim,234,3,1,7/5/2020 3:42,7/5/2020 3:42
427,Buneary,235,2,1,7/5/2020 3:42,7/5/2020 3:42
428,Lopunny,235,3,1,7/5/2020 3:42,7/5/2020 3:42
429,Mismagius,98,3,1,7/5/2020 3:42,7/5/2020 3:42
430,Honchkrow,97,3,1,7/5/2020 3:42,7/5/2020 3:42
431,Glameow,236,2,1,7/5/2020 3:42,7/5/2020 3:42
432,Purugly,236,3,1,7/5/2020 3:42,7/5/2020 3:42
433,Chingling,237,1,1,7/5/2020 3:42,7/5/2020 3:42
434,Stunky,238,2,1,7/5/2020 3:42,7/5/2020 3:42
435,Skuntank,238,3,1,7/5/2020 3:42,7/5/2020 3:42
436,Bronzor,239,2,1,7/5/2020 3:42,7/5/2020 3:42
437,Bronzong,239,3,1,7/5/2020 3:42,7/5/2020 3:42
438,Bonsly,91,1,1,7/5/2020 3:42,7/5/2020 3:42
439,Mime Jr.,58,1,1,7/5/2020 3:42,7/5/2020 3:42
440,Happiny,28,1,1,7/5/2020 3:42,7/5/2020 3:42
441,Chatot,240,2,1,7/5/2020 3:42,7/5/2020 3:42
442,Spiritomb,241,2,1,7/5/2020 3:42,7/5/2020 3:42
443,Gible,242,2,1,7/5/2020 3:42,7/5/2020 3:42
444,Gabite,242,3,1,7/5/2020 3:42,7/5/2020 3:42
445,Garchomp,242,4,1,7/5/2020 3:42,7/5/2020 3:42
446,Munchlax,72,1,1,7/5/2020 3:42,7/5/2020 3:42
447,Riolu,243,1,1,7/5/2020 3:42,7/5/2020 3:42
448,Lucario,243,2,1,7/5/2020 3:42,7/5/2020 3:42
449,Hippopotas,244,2,1,7/5/2020 3:42,7/5/2020 3:42
450,Hippowdon,244,3,1,7/5/2020 3:42,7/5/2020 3:42
451,Skorupi,245,2,1,7/5/2020 3:42,7/5/2020 3:42
452,Drapion,245,3,1,7/5/2020 3:42,7/5/2020 3:42
453,Croagunk,246,2,1,7/5/2020 3:42,7/5/2020 3:42
454,Toxicroak,246,3,1,7/5/2020 3:42,7/5/2020 3:42
455,Carnivine,247,2,1,7/5/2020 3:42,7/5/2020 3:42
456,Finneon,248,2,1,7/5/2020 3:42,7/5/2020 3:42
457,Lumineon,248,3,1,7/5/2020 3:42,7/5/2020 3:42
458,Mantyke,116,1,1,7/5/2020 3:42,7/5/2020 3:42
459,Snover,249,2,1,7/5/2020 3:42,7/5/2020 3:42
460,Abomasnow,249,3,1,7/5/2020 3:42,7/5/2020 3:42
461,Weavile,109,3,1,7/5/2020 3:42,7/5/2020 3:42
462,Magnezone,37,4,1,7/5/2020 3:42,7/5/2020 3:42
463,Lickilicky,50,3,1,7/5/2020 3:42,7/5/2020 3:42
464,Rhyperior,52,4,1,7/5/2020 3:42,7/5/2020 3:42
465,Tangrowth,53,3,1,7/5/2020 3:42,7/5/2020 3:42
466,Electivire,61,3,1,7/5/2020 3:42,7/5/2020 3:42
467,Magmortar,62,3,1,7/5/2020 3:42,7/5/2020 3:42
468,Togekiss,87,3,1,7/5/2020 3:42,7/5/2020 3:42
469,Yanmega,95,3,1,7/5/2020 3:42,7/5/2020 3:42
470,Leafeon,36,3,6,7/5/2020 3:42,7/5/2020 3:42
471,Glaceon,36,3,7,7/5/2020 3:42,7/5/2020 3:42
472,Gliscor,104,3,1,7/5/2020 3:42,7/5/2020 3:42
473,Mamoswine,112,4,1,7/5/2020 3:42,7/5/2020 3:42
474,Porygon-Z,68,4,1,7/5/2020 3:42,7/5/2020 3:42
475,Gallade,143,4,2,7/5/2020 3:42,7/5/2020 3:42
476,Probopass,150,3,1,7/5/2020 3:42,7/5/2020 3:42
477,Dusknoir,186,4,1,7/5/2020 3:42,7/5/2020 3:42
478,Froslass,192,3,2,7/5/2020 3:42,7/5/2020 3:42
479,Rotom,252,2,1,7/5/2020 3:42,7/5/2020 3:42
480,Uxie,253,2,1,7/5/2020 3:42,7/5/2020 3:42
481,Mesprit,254,2,1,7/5/2020 3:42,7/5/2020 3:42
482,Azelf,255,2,1,7/5/2020 3:42,7/5/2020 3:42
483,Dialga,256,2,1,7/5/2020 3:42,7/5/2020 3:42
484,Palkia,257,2,1,7/5/2020 3:42,7/5/2020 3:42
485,Heatran,258,2,1,7/5/2020 3:42,7/5/2020 3:42
486,Regigigas,259,2,1,7/5/2020 3:42,7/5/2020 3:42
487,Giratina,260,2,1,7/5/2020 3:42,7/5/2020 3:42
488,Cresselia,261,2,1,7/5/2020 3:42,7/5/2020 3:42
489,Phione,262,2,1,7/5/2020 3:42,7/5/2020 3:42
490,Manaphy,263,2,1,7/5/2020 3:42,7/5/2020 3:42
491,Darkrai,264,2,1,7/5/2020 3:42,7/5/2020 3:42
492,Shaymin,265,2,1,7/5/2020 3:42,7/5/2020 3:42
493,Arceus,266,2,1,7/5/2020 3:42,7/5/2020 3:42
494,Victini,267,2,1,7/5/2020 3:42,7/5/2020 3:42
495,Snivy,268,2,1,7/5/2020 3:42,7/5/2020 3:42
496,Servine,268,3,1,7/5/2020 3:42,7/5/2020 3:42
497,Serperior,268,4,1,7/5/2020 3:42,7/5/2020 3:42
498,Tepig,269,2,1,7/5/2020 3:42,7/5/2020 3:42
499,Pignite,269,3,1,7/5/2020 3:42,7/5/2020 3:42
500,Emboar,269,4,1,7/5/2020 3:42,7/5/2020 3:42
501,Oshawott,270,2,1,7/5/2020 3:42,7/5/2020 3:42
502,Dewott,270,3,1,7/5/2020 3:42,7/5/2020 3:42
503,Samurott,270,4,1,7/5/2020 3:42,7/5/2020 3:42
504,Patrat,271,2,1,7/5/2020 3:42,7/5/2020 3:42
505,Watchog,271,3,1,7/5/2020 3:42,7/5/2020 3:42
506,Lillipup,272,2,1,7/5/2020 3:42,7/5/2020 3:42
507,Herdier,272,3,1,7/5/2020 3:42,7/5/2020 3:42
508,Stoutland,272,4,1,7/5/2020 3:42,7/5/2020 3:42
509,Purrloin,273,2,1,7/5/2020 3:42,7/5/2020 3:42
510,Liepard,273,3,1,7/5/2020 3:42,7/5/2020 3:42
511,Pansage,274,2,1,7/5/2020 3:42,7/5/2020 3:42
512,Simisage,274,3,1,7/5/2020 3:42,7/5/2020 3:42
513,Pansear,275,2,1,7/5/2020 3:42,7/5/2020 3:42
514,Simisear,275,3,1,7/5/2020 3:42,7/5/2020 3:42
515,Panpour,276,2,1,7/5/2020 3:42,7/5/2020 3:42
516,Simipour,276,3,1,7/5/2020 3:42,7/5/2020 3:42
517,Munna,277,2,1,7/5/2020 3:42,7/5/2020 3:42
518,Musharna,277,3,1,7/5/2020 3:42,7/5/2020 3:42
519,Pidove,278,2,1,7/5/2020 3:42,7/5/2020 3:42
520,Tranquill,278,3,1,7/5/2020 3:42,7/5/2020 3:42
521,Unfezant,278,4,1,7/5/2020 3:42,7/5/2020 3:42
522,Blitzle,279,2,1,7/5/2020 3:42,7/5/2020 3:42
523,Zebstrika,279,3,1,7/5/2020 3:42,7/5/2020 3:42
524,Roggenrola,280,2,1,7/5/2020 3:42,7/5/2020 3:42
525,Boldore,280,3,1,7/5/2020 3:42,7/5/2020 3:42
526,Gigalith,280,4,1,7/5/2020 3:42,7/5/2020 3:42
527,Woobat,281,2,1,7/5/2020 3:42,7/5/2020 3:42
528,Swoobat,281,3,1,7/5/2020 3:42,7/5/2020 3:42
529,Drilbur,282,2,1,7/5/2020 3:42,7/5/2020 3:42
530,Excadrill,282,3,1,7/5/2020 3:42,7/5/2020 3:42
531,Audino,283,2,1,7/5/2020 3:42,7/5/2020 3:42
532,Timburr,284,2,1,7/5/2020 3:42,7/5/2020 3:42
533,Gurdurr,284,3,1,7/5/2020 3:42,7/5/2020 3:42
534,Conkeldurr,284,4,1,7/5/2020 3:42,7/5/2020 3:42
535,Tympole,285,2,1,7/5/2020 3:42,7/5/2020 3:42
536,Palpitoad,285,3,1,7/5/2020 3:42,7/5/2020 3:42
537,Seismitoad,285,4,1,7/5/2020 3:42,7/5/2020 3:42
538,Throh,286,2,1,7/5/2020 3:42,7/5/2020 3:42
539,Sawk,287,2,1,7/5/2020 3:42,7/5/2020 3:42
540,Sewaddle,288,2,1,7/5/2020 3:42,7/5/2020 3:42
541,Swadloon,288,3,1,7/5/2020 3:42,7/5/2020 3:42
542,Leavanny,288,4,1,7/5/2020 3:42,7/5/2020 3:42
543,Venipede,289,2,1,7/5/2020 3:42,7/5/2020 3:42
544,Whirlipede,289,3,1,7/5/2020 3:42,7/5/2020 3:42
545,Scolipede,289,4,1,7/5/2020 3:42,7/5/2020 3:42
546,Cottonee,290,2,1,7/5/2020 3:42,7/5/2020 3:42
547,Whimsicott,290,3,1,7/5/2020 3:42,7/5/2020 3:42
548,Petilil,291,2,1,7/5/2020 3:42,7/5/2020 3:42
549,Lilligant,291,3,1,7/5/2020 3:42,7/5/2020 3:42
550,Basculin,292,2,1,7/5/2020 3:42,7/5/2020 3:42
551,Sandile,293,2,1,7/5/2020 3:42,7/5/2020 3:42
552,Krokorok,293,3,1,7/5/2020 3:42,7/5/2020 3:42
553,Krookodile,293,4,1,7/5/2020 3:42,7/5/2020 3:42
554,Darumaka,294,2,1,7/5/2020 3:42,7/5/2020 3:42
555,Darmanitan,294,3,1,7/5/2020 3:42,7/5/2020 3:42
556,Maractus,295,2,1,7/5/2020 3:42,7/5/2020 3:42
557,Dwebble,296,2,1,7/5/2020 3:42,7/5/2020 3:42
558,Crustle,296,3,1,7/5/2020 3:42,7/5/2020 3:42
559,Scraggy,136,2,1,7/5/2020 3:42,7/5/2020 3:42
560,Scrafty,136,3,1,7/5/2020 3:42,7/5/2020 3:42
561,Sigilyph,297,2,1,7/5/2020 3:42,7/5/2020 3:42
562,Yamask,298,2,1,7/5/2020 3:42,7/5/2020 3:42
563,Cofagrigus,298,3,1,7/5/2020 3:42,7/5/2020 3:42
564,Tirtouga,299,2,1,7/5/2020 3:42,7/5/2020 3:42
565,Carracosta,299,3,1,7/5/2020 3:42,7/5/2020 3:42
566,Archen,300,2,1,7/5/2020 3:42,7/5/2020 3:42
567,Archeops,300,3,1,7/5/2020 3:42,7/5/2020 3:42
568,Trubbish,301,2,1,7/5/2020 3:42,7/5/2020 3:42
569,Garbodor,301,3,1,7/5/2020 3:42,7/5/2020 3:42
570,Zorua,302,2,1,7/5/2020 3:42,7/5/2020 3:42
571,Zoroark,302,3,1,7/5/2020 3:42,7/5/2020 3:42
572,Minccino,303,2,1,7/5/2020 3:42,7/5/2020 3:42
573,Cinccino,303,3,1,7/5/2020 3:42,7/5/2020 3:42
574,Gothita,304,2,1,7/5/2020 3:42,7/5/2020 3:42
575,Gothorita,304,3,1,7/5/2020 3:42,7/5/2020 3:42
576,Gothitelle,304,4,1,7/5/2020 3:42,7/5/2020 3:42
577,Solosis,305,2,1,7/5/2020 3:42,7/5/2020 3:42
578,Duosion,305,3,1,7/5/2020 3:42,7/5/2020 3:42
579,Reuniclus,305,4,1,7/5/2020 3:42,7/5/2020 3:42
580,Ducklett,306,2,1,7/5/2020 3:42,7/5/2020 3:42
581,Swanna,306,3,1,7/5/2020 3:42,7/5/2020 3:42
582,Vanillite,142,2,1,7/5/2020 3:42,7/5/2020 3:42
583,Vanillish,142,3,1,7/5/2020 3:42,7/5/2020 3:42
584,Vanilluxe,142,4,1,7/5/2020 3:42,7/5/2020 3:42
585,Deerling,307,2,1,7/5/2020 3:42,7/5/2020 3:42
586,Sawsbuck,307,3,1,7/5/2020 3:42,7/5/2020 3:42
587,Emolga,308,2,1,7/5/2020 3:42,7/5/2020 3:42
588,Karrablast,309,2,1,7/5/2020 3:42,7/5/2020 3:42
589,Escavalier,309,3,1,7/5/2020 3:42,7/5/2020 3:42
590,Foongus,310,2,1,7/5/2020 3:42,7/5/2020 3:42
591,Amoonguss,310,3,1,7/5/2020 3:42,7/5/2020 3:42
592,Frillish,311,2,1,7/5/2020 3:42,7/5/2020 3:42
593,Jellicent,311,3,1,7/5/2020 3:42,7/5/2020 3:42
594,Alomomola,312,2,1,7/5/2020 3:42,7/5/2020 3:42
595,Joltik,313,2,1,7/5/2020 3:42,7/5/2020 3:42
596,Galvantula,313,3,1,7/5/2020 3:42,7/5/2020 3:42
597,Ferroseed,314,2,1,7/5/2020 3:42,7/5/2020 3:42
598,Ferrothorn,314,3,1,7/5/2020 3:42,7/5/2020 3:42
599,Klink,315,2,1,7/5/2020 3:42,7/5/2020 3:42
600,Klang,315,3,1,7/5/2020 3:42,7/5/2020 3:42
601,Klinklang,315,4,1,7/5/2020 3:42,7/5/2020 3:42
602,Tynamo,146,2,1,7/5/2020 3:42,7/5/2020 3:42
603,Eelektrik,146,3,1,7/5/2020 3:42,7/5/2020 3:42
604,Eelektross,146,4,1,7/5/2020 3:42,7/5/2020 3:42
605,Elgyem,316,2,1,7/5/2020 3:42,7/5/2020 3:42
606,Beheeyem,316,3,1,7/5/2020 3:42,7/5/2020 3:42
607,Litwick,317,2,1,7/5/2020 3:42,7/5/2020 3:42
608,Lampent,317,3,1,7/5/2020 3:42,7/5/2020 3:42
609,Chandelure,317,4,1,7/5/2020 3:42,7/5/2020 3:42
610,Axew,318,2,1,7/5/2020 3:42,7/5/2020 3:42
611,Fraxure,318,3,1,7/5/2020 3:42,7/5/2020 3:42
612,Haxorus,318,4,1,7/5/2020 3:42,7/5/2020 3:42
613,Cubchoo,319,2,1,7/5/2020 3:42,7/5/2020 3:42
614,Beartic,319,3,1,7/5/2020 3:42,7/5/2020 3:42
615,Cryogonal,320,2,1,7/5/2020 3:42,7/5/2020 3:42
616,Shelmet,321,2,1,7/5/2020 3:42,7/5/2020 3:42
617,Accelgor,321,3,1,7/5/2020 3:42,7/5/2020 3:42
618,Stunfisk,322,2,1,7/5/2020 3:42,7/5/2020 3:42
619,Mienfoo,323,2,1,7/5/2020 3:42,7/5/2020 3:42
620,Mienshao,323,3,1,7/5/2020 3:42,7/5/2020 3:42
621,Druddigon,324,2,1,7/5/2020 3:42,7/5/2020 3:42
622,Golett,325,2,1,7/5/2020 3:42,7/5/2020 3:42
623,Golurk,325,3,1,7/5/2020 3:42,7/5/2020 3:42
624,Pawniard,326,2,1,7/5/2020 3:42,7/5/2020 3:42
625,Bisharp,326,3,1,7/5/2020 3:42,7/5/2020 3:42
626,Bouffalant,327,2,1,7/5/2020 3:42,7/5/2020 3:42
627,Rufflet,328,2,1,7/5/2020 3:42,7/5/2020 3:42
628,Braviary,328,3,1,7/5/2020 3:42,7/5/2020 3:42
629,Vullaby,329,2,1,7/5/2020 3:42,7/5/2020 3:42
630,Mandibuzz,329,3,1,7/5/2020 3:42,7/5/2020 3:42
631,Heatmor,330,2,1,7/5/2020 3:42,7/5/2020 3:42
632,Durant,331,2,1,7/5/2020 3:42,7/5/2020 3:42
633,Deino,332,2,1,7/5/2020 3:42,7/5/2020 3:42
634,Zweilous,332,3,1,7/5/2020 3:42,7/5/2020 3:42
635,Hydreigon,332,4,1,7/5/2020 3:42,7/5/2020 3:42
636,Larvesta,333,2,1,7/5/2020 3:42,7/5/2020 3:42
637,Volcarona,333,3,1,7/5/2020 3:42,7/5/2020 3:42
638,Cobalion,334,2,1,7/5/2020 3:42,7/5/2020 3:42
639,Terrakion,335,2,1,7/5/2020 3:42,7/5/2020 3:42
640,Virizion,336,2,1,7/5/2020 3:42,7/5/2020 3:42
641,Tornadus,337,2,1,7/5/2020 3:42,7/5/2020 3:42
642,Thundurus,338,2,1,7/5/2020 3:42,7/5/2020 3:42
643,Reshiram,339,2,1,7/5/2020 3:42,7/5/2020 3:42
644,Zekrom,340,2,1,7/5/2020 3:42,7/5/2020 3:42
645,Landorus,341,2,1,7/5/2020 3:42,7/5/2020 3:42
646,Kyurem,342,2,1,7/5/2020 3:42,7/5/2020 3:42
647,Keldeo,343,2,1,7/5/2020 3:42,7/5/2020 3:42
648,Meloetta,344,2,1,7/5/2020 3:42,7/5/2020 3:42
649,Genesect,345,2,1,7/5/2020 3:42,7/5/2020 3:42
650,Chespin,346,2,1,7/5/2020 3:42,7/5/2020 3:42
651,Quilladin,346,3,1,7/5/2020 3:42,7/5/2020 3:42
652,Chesnaught,346,4,1,7/5/2020 3:42,7/5/2020 3:42
653,Fennekin,347,2,1,7/5/2020 3:42,7/5/2020 3:42
654,Braixen,347,3,1,7/5/2020 3:42,7/5/2020 3:42
655,Delphox,347,4,1,7/5/2020 3:42,7/5/2020 3:42
656,Froakie,348,2,1,7/5/2020 3:42,7/5/2020 3:42
657,Frogadier,348,3,1,7/5/2020 3:42,7/5/2020 3:42
658,Greninja,348,4,1,7/5/2020 3:42,7/5/2020 3:42
659,Bunnelby,349,2,1,7/5/2020 3:42,7/5/2020 3:42
660,Diggersby,349,3,1,7/5/2020 3:42,7/5/2020 3:42
661,Fletchling,350,2,1,7/5/2020 3:42,7/5/2020 3:42
662,Fletchinder,350,3,1,7/5/2020 3:42,7/5/2020 3:42
663,Talonflame,350,4,1,7/5/2020 3:42,7/5/2020 3:42
664,Scatterbug,351,2,1,7/5/2020 3:42,7/5/2020 3:42
665,Spewpa,351,3,1,7/5/2020 3:42,7/5/2020 3:42
666,Vivillon,351,4,1,7/5/2020 3:42,7/5/2020 3:42
667,Litleo,352,2,1,7/5/2020 3:42,7/5/2020 3:42
668,Pyroar,352,3,1,7/5/2020 3:42,7/5/2020 3:42
669,Flabébé,353,2,1,7/5/2020 3:42,7/5/2020 3:42
670,Floette,353,3,1,7/5/2020 3:42,7/5/2020 3:42
671,Florges,353,4,1,7/5/2020 3:42,7/5/2020 3:42
672,Skiddo,354,2,1,7/5/2020 3:42,7/5/2020 3:42
673,Gogoat,354,3,1,7/5/2020 3:42,7/5/2020 3:42
674,Pancham,355,2,1,7/5/2020 3:42,7/5/2020 3:42
675,Pangoro,355,3,1,7/5/2020 3:42,7/5/2020 3:42
676,Furfrou,356,2,1,7/5/2020 3:42,7/5/2020 3:42
677,Espurr,357,2,1,7/5/2020 3:42,7/5/2020 3:42
678,Meowstic,357,3,1,7/5/2020 3:42,7/5/2020 3:42
679,Honedge,358,2,1,7/5/2020 3:42,7/5/2020 3:42
680,Doublade,358,3,1,7/5/2020 3:42,7/5/2020 3:42
681,Aegislash,358,4,1,7/5/2020 3:42,7/5/2020 3:42
682,Spritzee,359,2,1,7/5/2020 3:42,7/5/2020 3:42
683,Aromatisse,359,3,1,7/5/2020 3:42,7/5/2020 3:42
684,Swirlix,360,2,1,7/5/2020 3:42,7/5/2020 3:42
685,Slurpuff,360,3,1,7/5/2020 3:42,7/5/2020 3:42
686,Inkay,361,2,1,7/5/2020 3:42,7/5/2020 3:42
687,Malamar,361,3,1,7/5/2020 3:42,7/5/2020 3:42
688,Binacle,362,2,1,7/5/2020 3:42,7/5/2020 3:42
689,Barbaracle,362,3,1,7/5/2020 3:42,7/5/2020 3:42
690,Skrelp,363,2,1,7/5/2020 3:42,7/5/2020 3:42
691,Dragalge,363,3,1,7/5/2020 3:42,7/5/2020 3:42
692,Clauncher,364,2,1,7/5/2020 3:42,7/5/2020 3:42
693,Clawitzer,364,3,1,7/5/2020 3:42,7/5/2020 3:42
694,Helioptile,365,2,1,7/5/2020 3:42,7/5/2020 3:42
695,Heliolisk,365,3,1,7/5/2020 3:42,7/5/2020 3:42
696,Tyrunt,366,2,1,7/5/2020 3:42,7/5/2020 3:42
697,Tyrantrum,366,3,1,7/5/2020 3:42,7/5/2020 3:42
698,Amaura,367,2,1,7/5/2020 3:42,7/5/2020 3:42
699,Aurorus,367,3,1,7/5/2020 3:42,7/5/2020 3:42
700,Sylveon,36,3,8,7/5/2020 3:42,7/5/2020 3:42
701,Hawlucha,368,2,1,7/5/2020 3:42,7/5/2020 3:42
702,Dedenne,369,2,1,7/5/2020 3:42,7/5/2020 3:42
703,Carbink,370,2,1,7/5/2020 3:42,7/5/2020 3:42
704,Goomy,371,2,1,7/5/2020 3:42,7/5/2020 3:42
705,Sliggoo,371,3,1,7/5/2020 3:42,7/5/2020 3:42
706,Goodra,371,4,1,7/5/2020 3:42,7/5/2020 3:42
707,Klefki,372,2,1,7/5/2020 3:42,7/5/2020 3:42
708,Phantump,373,2,1,7/5/2020 3:42,7/5/2020 3:42
709,Trevenant,373,3,1,7/5/2020 3:42,7/5/2020 3:42
710,Pumpkaboo,374,2,1,7/5/2020 3:42,7/5/2020 3:42
711,Gourgeist,374,3,1,7/5/2020 3:42,7/5/2020 3:42
712,Bergmite,375,2,1,7/5/2020 3:42,7/5/2020 3:42
713,Avalugg,375,3,1,7/5/2020 3:42,7/5/2020 3:42
714,Noibat,376,2,1,7/5/2020 3:42,7/5/2020 3:42
715,Noivern,376,3,1,7/5/2020 3:42,7/5/2020 3:42
716,Xerneas,377,2,1,7/5/2020 3:42,7/5/2020 3:42
717,Yveltal,378,2,1,7/5/2020 3:42,7/5/2020 3:42
718,Zygarde,379,2,1,7/5/2020 3:42,7/5/2020 3:42
719,Diancie,380,2,1,7/5/2020 3:42,7/5/2020 3:42
720,Hoopa,381,2,1,7/5/2020 3:42,7/5/2020 3:42
721,Volcanion,382,2,1,7/5/2020 3:42,7/5/2020 3:42
722,Rowlet,383,2,1,7/5/2020 3:42,7/5/2020 3:42
723,Dartrix,383,3,1,7/5/2020 3:42,7/5/2020 3:42
724,Decidueye,383,4,1,7/5/2020 3:42,7/5/2020 3:42
725,Litten,384,2,1,7/5/2020 3:42,7/5/2020 3:42
726,Torracat,384,3,1,7/5/2020 3:42,7/5/2020 3:42
727,Incineroar,384,4,1,7/5/2020 3:42,7/5/2020 3:42
728,Popplio,385,2,1,7/5/2020 3:42,7/5/2020 3:42
729,Brionne,385,3,1,7/5/2020 3:42,7/5/2020 3:42
730,Primarina,385,4,1,7/5/2020 3:42,7/5/2020 3:42
731,Pikipek,386,2,1,7/5/2020 3:42,7/5/2020 3:42
732,Trumbeak,386,3,1,7/5/2020 3:42,7/5/2020 3:42
733,Toucannon,386,4,1,7/5/2020 3:42,7/5/2020 3:42
734,Yungoos,387,2,1,7/5/2020 3:42,7/5/2020 3:42
735,Gumshoos,387,3,1,7/5/2020 3:42,7/5/2020 3:42
736,Grubbin,388,2,1,7/5/2020 3:42,7/5/2020 3:42
737,Charjabug,388,3,1,7/5/2020 3:42,7/5/2020 3:42
738,Vikavolt,388,4,1,7/5/2020 3:42,7/5/2020 3:42
739,Crabrawler,389,2,1,7/5/2020 3:42,7/5/2020 3:42
740,Crabominable,389,3,1,7/5/2020 3:42,7/5/2020 3:42
741,Oricorio,390,2,1,7/5/2020 3:42,7/5/2020 3:42
742,Cutiefly,391,2,1,7/5/2020 3:42,7/5/2020 3:42
743,Ribombee,391,3,1,7/5/2020 3:42,7/5/2020 3:42
744,Rockruff,392,2,1,7/5/2020 3:42,7/5/2020 3:42
745,Lycanroc,392,3,1,7/5/2020 3:42,7/5/2020 3:42
746,Wishiwashi,393,2,1,7/5/2020 3:42,7/5/2020 3:42
747,Mareanie,394,2,1,7/5/2020 3:42,7/5/2020 3:42
748,Toxapex,394,3,1,7/5/2020 3:42,7/5/2020 3:42
749,Mudbray,395,2,1,7/5/2020 3:42,7/5/2020 3:42
750,Mudsdale,395,3,1,7/5/2020 3:42,7/5/2020 3:42
751,Dewpider,396,2,1,7/5/2020 3:42,7/5/2020 3:42
752,Araquanid,396,3,1,7/5/2020 3:42,7/5/2020 3:42
753,Fomantis,397,2,1,7/5/2020 3:42,7/5/2020 3:42
754,Lurantis,397,3,1,7/5/2020 3:42,7/5/2020 3:42
755,Morelull,398,2,1,7/5/2020 3:42,7/5/2020 3:42
756,Shiinotic,398,3,1,7/5/2020 3:42,7/5/2020 3:42
757,Salandit,399,2,1,7/5/2020 3:42,7/5/2020 3:42
758,Salazzle,399,3,1,7/5/2020 3:42,7/5/2020 3:42
759,Stufful,400,2,1,7/5/2020 3:42,7/5/2020 3:42
760,Bewear,400,3,1,7/5/2020 3:42,7/5/2020 3:42
761,Bounsweet,401,2,1,7/5/2020 3:42,7/5/2020 3:42
762,Steenee,401,3,1,7/5/2020 3:42,7/5/2020 3:42
763,Tsareena,401,4,1,7/5/2020 3:42,7/5/2020 3:42
764,Comfey,402,2,1,7/5/2020 3:42,7/5/2020 3:42
765,Oranguru,403,2,1,7/5/2020 3:42,7/5/2020 3:42
766,Passimian,404,2,1,7/5/2020 3:42,7/5/2020 3:42
767,Wimpod,405,2,1,7/5/2020 3:42,7/5/2020 3:42
768,Golisopod,405,3,1,7/5/2020 3:42,7/5/2020 3:42
769,Sandygast,406,2,1,7/5/2020 3:42,7/5/2020 3:42
770,Palossand,406,3,1,7/5/2020 3:42,7/5/2020 3:42
771,Pyukumuku,407,2,1,7/5/2020 3:42,7/5/2020 3:42
772,Type: Null,408,2,1,7/5/2020 3:42,7/5/2020 3:42
773,Silvally,408,3,1,7/5/2020 3:42,7/5/2020 3:42
774,Minior,409,2,1,7/5/2020 3:42,7/5/2020 3:42
775,Komala,410,2,1,7/5/2020 3:42,7/5/2020 3:42
776,Turtonator,411,2,1,7/5/2020 3:42,7/5/2020 3:42
777,Togedemaru,412,2,1,7/5/2020 3:42,7/5/2020 3:42
778,Mimikyu,413,2,1,7/5/2020 3:42,7/5/2020 3:42
779,Bruxish,414,2,1,7/5/2020 3:42,7/5/2020 3:42
780,Drampa,415,2,1,7/5/2020 3:42,7/5/2020 3:42
781,Dhelmise,416,2,1,7/5/2020 3:42,7/5/2020 3:42
782,Jangmo-o,417,2,1,7/5/2020 3:42,7/5/2020 3:42
783,Hakamo-o,417,3,1,7/5/2020 3:42,7/5/2020 3:42
784,Kommo-o,417,4,1,7/5/2020 3:42,7/5/2020 3:42
785,Tapu Koko,418,2,1,7/5/2020 3:42,7/5/2020 3:42
786,Tapu Lele,419,2,1,7/5/2020 3:42,7/5/2020 3:42
787,Tapu Bulu,420,2,1,7/5/2020 3:42,7/5/2020 3:42
788,Tapu Fini,421,2,1,7/5/2020 3:42,7/5/2020 3:42
789,Cosmog,422,2,1,7/5/2020 3:42,7/5/2020 3:42
790,Cosmoem,422,3,1,7/5/2020 3:42,7/5/2020 3:42
791,Solgaleo,422,4,1,7/5/2020 3:42,7/5/2020 3:42
792,Lunala,422,4,2,7/5/2020 3:42,7/5/2020 3:42
793,Nihilego,423,2,1,7/5/2020 3:42,7/5/2020 3:42
794,Buzzwole,424,2,1,7/5/2020 3:42,7/5/2020 3:42
795,Pheromosa,425,2,1,7/5/2020 3:42,7/5/2020 3:42
796,Xurkitree,426,2,1,7/5/2020 3:42,7/5/2020 3:42
797,Celesteela,427,2,1,7/5/2020 3:42,7/5/2020 3:42
798,Kartana,428,2,1,7/5/2020 3:42,7/5/2020 3:42
799,Guzzlord,429,2,1,7/5/2020 3:42,7/5/2020 3:42
800,Necrozma,430,2,1,7/5/2020 3:42,7/5/2020 3:42
801,Magearna,431,2,1,7/5/2020 3:42,7/5/2020 3:42
802,Marshadow,432,2,1,7/5/2020 3:42,7/5/2020 3:42
803,Poipole,433,2,1,7/5/2020 3:42,7/5/2020 3:42
804,Naganadel,433,3,1,7/5/2020 3:42,7/5/2020 3:42
805,Stakataka,434,2,1,7/5/2020 3:42,7/5/2020 3:42
806,Blacephalon,435,2,1,7/5/2020 3:42,7/5/2020 3:42
807,Zeraora,436,2,1,7/5/2020 3:42,7/5/2020 3:42
808,Meltan,437,2,1,7/5/2020 3:42,7/5/2020 3:42
809,Melmetal,437,3,1,7/5/2020 3:42,7/5/2020 3:42
